,Oil_volatility
2016-06-06,
2016-06-07,
2016-06-08,
2016-06-09,
2016-06-10,
2016-06-13,
2016-06-14,
2016-06-15,
2016-06-16,
2016-06-17,
2016-06-20,
2016-06-21,
2016-06-22,
2016-06-23,
2016-06-24,
2016-06-27,
2016-06-28,
2016-06-29,
2016-06-30,
2016-07-01,
2016-07-04,
2016-07-05,
2016-07-06,
2016-07-07,
2016-07-08,
2016-07-11,
2016-07-12,
2016-07-13,
2016-07-14,
2016-07-15,0.4405556408490697
2016-07-18,0.43809462449972897
2016-07-19,0.4342260965072451
2016-07-20,0.43047387577496415
2016-07-21,0.432912265607657
2016-07-22,0.4277696020763127
2016-07-25,0.43102155372686013
2016-07-26,0.43098655384437096
2016-07-27,0.4368127867459551
2016-07-28,0.42791943754904144
2016-07-29,0.406171907220546
2016-08-01,0.39297838845974775
2016-08-02,0.3936724993197078
2016-08-03,0.40710949184389467
2016-08-04,0.4113298985491361
2016-08-05,0.3888393054611319
2016-08-08,0.39063157134442
2016-08-09,0.37988461450150224
2016-08-10,0.35950239891981906
2016-08-11,0.38431359939284526
2016-08-12,0.389529031510188
2016-08-15,0.39980445444408585
2016-08-16,0.3874750815040115
2016-08-17,0.38592962845147794
2016-08-18,0.3592676845772513
2016-08-19,0.3591554273007247
2016-08-22,0.3727696586307034
2016-08-23,0.3495927549658261
2016-08-24,0.32591967202622785
2016-08-25,0.3209318124709908
2016-08-26,0.3209288611037596
2016-08-29,0.32075098174377387
2016-08-30,0.3250958173647931
2016-08-31,0.33425717866573523
2016-09-01,0.3284580740951306
2016-09-02,0.32697708185607177
2016-09-05,0.32013792517389705
2016-09-06,0.32083905972526444
2016-09-07,0.3071065240645173
2016-09-08,0.3197000906649863
2016-09-09,0.34417743239126414
2016-09-12,0.34395250236477776
2016-09-13,0.3500900664324909
2016-09-14,0.35149020556733945
2016-09-15,0.345839641201458
2016-09-16,0.3504020488909206
2016-09-19,0.3431063056459687
2016-09-20,0.3419561043893581
2016-09-21,0.3403125457792862
2016-09-22,0.31876222767350415
2016-09-23,0.3321228534621972
2016-09-26,0.33409943015742927
2016-09-27,0.3392336138150706
2016-09-28,0.381001658790918
2016-09-29,0.37733018903016124
2016-09-30,0.3774132099429024
2016-10-03,0.3643286442837279
2016-10-04,0.37621827349520254
2016-10-05,0.37545489958609546
2016-10-06,0.3754291279090982
2016-10-07,0.377234319035852
2016-10-10,0.3746614941282652
2016-10-11,0.37026753945104035
2016-10-12,0.36162514810872237
2016-10-13,0.36149795589734385
2016-10-14,0.36098706062118735
2016-10-17,0.3625207795724137
2016-10-18,0.36211158619064066
2016-10-19,0.363416834080906
2016-10-20,0.35304468904113134
2016-10-21,0.33156437105536163
2016-10-24,0.3323527678691639
2016-10-25,0.32535734248999587
2016-10-26,0.31845591857708844
2016-10-27,0.31672143992181234
2016-10-28,0.3153773400704531
2016-10-31,0.32813232671389814
2016-11-01,0.32799851347061837
2016-11-02,0.33595135954739436
2016-11-03,0.3333337508255093
2016-11-04,0.31903875825188466
2016-11-07,0.3069689890805415
2016-11-08,0.29496680484495286
2016-11-09,0.2375055275952684
2016-11-10,0.2359022575658431
2016-11-11,0.23595432309991243
2016-11-14,0.24983926244397986
2016-11-15,0.28303648076647425
2016-11-16,0.27544992153974085
2016-11-17,0.2712929536895863
2016-11-18,0.272538377425549
2016-11-21,0.30442815526867395
2016-11-22,0.30323731764376705
2016-11-23,0.3019520815788187
2016-11-24,0.30147365783989877
2016-11-25,0.31633509285375194
2016-11-28,0.3234758629034076
2016-11-29,0.339892233607181
2016-11-30,0.4273031726830297
2016-12-01,0.42149784807339014
2016-12-02,0.4802006722271706
2016-12-05,0.47991665152259216
2016-12-06,0.4816834975686128
2016-12-07,0.4821279118401758
2016-12-08,0.48348513817899175
2016-12-09,0.48078202238686424
2016-12-12,0.4750006707603419
2016-12-13,0.47500760258824537
2016-12-14,0.47651315195418864
2016-12-15,0.4742010756325444
2016-12-16,0.4717350959938389
2016-12-19,0.47268383896000177
2016-12-20,0.47199223393059125
2016-12-21,0.4765303878206979
2016-12-22,0.4739640019824252
2016-12-23,0.4737596946462278
2016-12-26,0.460890666240343
2016-12-27,0.4379079979023791
2016-12-28,0.4363272662810971
2016-12-29,0.43604887425403127
2016-12-30,0.4364760838519504
2017-01-02,0.42228996064174834
2017-01-03,0.42505695430137
2017-01-04,0.42611878615694765
2017-01-05,0.4258971369056802
2017-01-06,0.4084984664184859
2017-01-09,0.4257009536158936
2017-01-10,0.4145981452512595
2017-01-11,0.339359705214071
2017-01-12,0.34137932357864575
2017-01-13,0.25737598700322595
2017-01-16,0.256235123140635
2017-01-17,0.24995491693988742
2017-01-18,0.25853863401680993
2017-01-19,0.2543042537090264
2017-01-20,0.2630032767966499
2017-01-23,0.2531667716364014
2017-01-24,0.2534207921818067
2017-01-25,0.23481734946717592
2017-01-26,0.24202560043493235
2017-01-27,0.23730540993822394
2017-01-30,0.23729946690438813
2017-01-31,0.23749525406353728
2017-02-01,0.23239687950369348
2017-02-02,0.2348938016319105
2017-02-03,0.2350872539208613
2017-02-06,0.24232540370190983
2017-02-07,0.23977500816096725
2017-02-08,0.23968684205635457
2017-02-09,0.24133946072033802
2017-02-10,0.24782019872889147
2017-02-13,0.25453680054044986
2017-02-14,0.25289771395325494
2017-02-15,0.2476813824787892
2017-02-16,0.24656581636498817
2017-02-17,0.24645320152151287
2017-02-20,0.2198035196459678
2017-02-21,0.21120857608488958
2017-02-22,0.2021730970277144
2017-02-23,0.20014106651588848
2017-02-24,0.20033903393623612
2017-02-27,0.20038170489359872
2017-02-28,0.20125007564743855
2017-03-01,0.18279651543733932
2017-03-02,0.18495431911317428
2017-03-03,0.1759889528904643
2017-03-06,0.17540501473409495
2017-03-07,0.17522771113794486
2017-03-08,0.22801152594352508
2017-03-09,0.2226519182088628
2017-03-10,0.22398972914106394
2017-03-13,0.22391504478395802
2017-03-14,0.2221540908190638
2017-03-15,0.22982772361555434
2017-03-16,0.2231150619574362
2017-03-17,0.2222748384794853
2017-03-20,0.21691484995315546
2017-03-21,0.21721776952590696
2017-03-22,0.21718749369303275
2017-03-23,0.21424340537271852
2017-03-24,0.20504189374228612
2017-03-27,0.19943674983508383
2017-03-28,0.20182578755859693
2017-03-29,0.2134466664323638
2017-03-30,0.21638801265472254
2017-03-31,0.21598993794439528
2017-04-03,0.21695725031251303
2017-04-04,0.2203781548832714
2017-04-05,0.21725113104270066
2017-04-06,0.21551230324482995
2017-04-07,0.21457135535390137
2017-04-10,0.21822039051323472
2017-04-11,0.21775602519447856
2017-04-12,0.2187146183141843
2017-04-13,0.21681206579461335
2017-04-14,0.2125251433799009
2017-04-17,0.2142266073923652
2017-04-18,0.21551650060763036
2017-04-19,0.18883152289037025
2017-04-20,0.18159453239591306
2017-04-21,0.1847905006620017
2017-04-24,0.186015344570857
2017-04-25,0.18612359574788526
2017-04-26,0.18004717636619358
2017-04-27,0.18128764729315153
2017-04-28,0.1820549689744399
2017-05-01,0.18227496250705533
2017-05-02,0.1883199830370137
2017-05-03,0.18842448768560036
2017-05-04,0.2336041633807706
2017-05-05,0.23771791147463905
2017-05-08,0.23833490241405428
2017-05-09,0.23767689768788938
2017-05-10,0.24684832101082185
2017-05-11,0.2471212034921208
2017-05-12,0.2472137160828372
2017-05-15,0.253583527684148
2017-05-16,0.24610632643437713
2017-05-17,0.24830344519137415
2017-05-18,0.24703363921358923
2017-05-19,0.2544957611111278
2017-05-22,0.25152008275516335
2017-05-23,0.2516711625356435
2017-05-24,0.2512505812346291
2017-05-25,0.28337482965044014
2017-05-26,0.2870813647123595
2017-05-29,0.286289863717117
2017-05-30,0.28587003124616295
2017-05-31,0.2799785285741969
2017-06-01,0.2799256095064744
2017-06-02,0.2754133518493323
2017-06-05,0.2760097457187575
2017-06-06,0.27737608891284266
2017-06-07,0.3004793978985948
2017-06-08,0.30016112601107137
2017-06-09,0.30025960358300857
2017-06-12,0.3005659486419248
2017-06-13,0.29683856778930084
2017-06-14,0.311992746474676
2017-06-15,0.28123891701975334
2017-06-16,0.2790738493911622
2017-06-19,0.27958454509074765
2017-06-20,0.28245138254515656
2017-06-21,0.2736965862840623
2017-06-22,0.272819165101591
2017-06-23,0.274238131240784
2017-06-26,0.26738170379386117
2017-06-27,0.2747794420543252
2017-06-28,0.2764138935809309
2017-06-29,0.2756359498635814
2017-06-30,0.26927648913900765
2017-07-03,0.2927845656109633
2017-07-04,0.2919790203214257
2017-07-05,0.3094413635024778
2017-07-06,0.2832451537835897
2017-07-07,0.28975775101160306
2017-07-10,0.2903315175606158
2017-07-11,0.294355729431363
2017-07-12,0.2838020424262275
2017-07-13,0.2874584683540576
2017-07-14,0.288588147274294
2017-07-17,0.2887022109035064
2017-07-18,0.2871478532958083
2017-07-19,0.2649277497412017
2017-07-20,0.2658561411296238
2017-07-21,0.27601801551767124
2017-07-24,0.27780773987187407
2017-07-25,0.2925543203809322
2017-07-26,0.27392621759224667
2017-07-27,0.2743791715972417
2017-07-28,0.27810544448828056
2017-07-31,0.2752672667346196
2017-08-01,0.26693145682554914
2017-08-02,0.25251430541395914
2017-08-03,0.2546213317308244
2017-08-04,0.2546947497144579
2017-08-07,0.2551930258209654
2017-08-08,0.2532584064155707
2017-08-09,0.2522436217447238
2017-08-10,0.2581218685144664
2017-08-11,0.2571812483623239
2017-08-14,0.2499506464102262
2017-08-15,0.24994340002416549
2017-08-16,0.22406602024100689
2017-08-17,0.2269810276500825
2017-08-18,0.2243621729742871
2017-08-21,0.2351190077415844
2017-08-22,0.23310111234990477
2017-08-23,0.2350386332116209
2017-08-24,0.2357901992162784
2017-08-25,0.23510674422023342
2017-08-28,0.23506249890148556
2017-08-29,0.2343124247725353
2017-08-30,0.23966888194460315
2017-08-31,0.2522759344355244
2017-09-01,0.2389474621172066
2017-09-04,0.23777546015052012
2017-09-05,0.22628452673457686
2017-09-06,0.22629613563032366
2017-09-07,0.2252300534025701
2017-09-08,0.2226006262003357
2017-09-11,0.22255111122339297
2017-09-12,0.2234717259401995
2017-09-13,0.22692515271804736
2017-09-14,0.22570915307940212
2017-09-15,0.2250835550974086
2017-09-18,0.22531177437277103
2017-09-19,0.2257970095147094
2017-09-20,0.23105571470087888
2017-09-21,0.22503567044532696
2017-09-22,0.2254402032948141
2017-09-25,0.22975771915306434
2017-09-26,0.23362277758595393
2017-09-27,0.23297225641507596
2017-09-28,0.23394122287492813
2017-09-29,0.2170994090652878
2017-10-02,0.2216859508804632
2017-10-03,0.22212101966070388
2017-10-04,0.22038135455450583
2017-10-05,0.22421308247087587
2017-10-06,0.2373773787602781
2017-10-09,0.23463451100229774
2017-10-10,0.23726366731381027
2017-10-11,0.22532289488370189
2017-10-12,0.21586491576459052
2017-10-13,0.219252017127016
2017-10-16,0.22035062069116554
2017-10-17,0.2145596374599906
2017-10-18,0.2113286290166121
2017-10-19,0.21760392959708091
2017-10-20,0.2139813260341041
2017-10-23,0.2155594633871367
2017-10-24,0.219059388867909
2017-10-25,0.21505889408646167
2017-10-26,0.21797958321797575
2017-10-27,0.22342384421977618
2017-10-30,0.22323020695928264
2017-10-31,0.22180098179530336
2017-11-01,0.21610479095670243
2017-11-02,0.21981149062278102
2017-11-03,0.228043905778762
2017-11-06,0.22474981512437722
2017-11-07,0.22436520467846824
2017-11-08,0.22216677312484112
2017-11-09,0.21962706072466368
2017-11-10,0.22154622566232945
2017-11-13,0.2069859116725455
2017-11-14,0.21359909331936897
2017-11-15,0.21422116798501448
2017-11-16,0.20984264534478275
2017-11-17,0.2013356554611051
2017-11-20,0.20434225535720113
2017-11-21,0.2017834452989629
2017-11-22,0.20320645187003397
2017-11-23,0.19801730796328892
2017-11-24,0.19506066227727004
2017-11-27,0.194040558237533
2017-11-28,0.19499079687882862
2017-11-29,0.19754886773892752
2017-11-30,0.18981637244325417
2017-12-01,0.1895749192199523
2017-12-04,0.19600176169800262
2017-12-05,0.19194138182745119
2017-12-06,0.20915648060015068
2017-12-07,0.20989085737832064
2017-12-08,0.2099405948497621
2017-12-11,0.21621881489547948
2017-12-12,0.22544586520347798
2017-12-13,0.22972887080597545
2017-12-14,0.2300727225381902
2017-12-15,0.22015913319387406
2017-12-18,0.19421228679904473
2017-12-19,0.1933185293663039
2017-12-20,0.19601018978752008
2017-12-21,0.19560446816770088
2017-12-22,0.19493065966197148
2017-12-25,0.1939435182858667
2017-12-26,0.20168962268322438
2017-12-27,0.20300013244200288
2017-12-28,0.2004893633794652
2017-12-29,0.19231541895286255
2018-01-01,0.19007170833572493
2018-01-02,0.18997470880877929
2018-01-03,0.19423337220288941
2018-01-04,0.1941219059767999
2018-01-05,0.19498429017082788
2018-01-08,0.19486485624458857
2018-01-09,0.1977862826242863
2018-01-10,0.1953638495980043
2018-01-11,0.19506760744747612
2018-01-12,0.19536875441059398
2018-01-15,0.18662435873758365
2018-01-16,0.19082266011352197
2018-01-17,0.1693532859411609
2018-01-18,0.16622586095152891
2018-01-19,0.16403058352198704
2018-01-22,0.1556917327438051
2018-01-23,0.1427243828537093
2018-01-24,0.1332036410529871
2018-01-25,0.13081516648747485
2018-01-26,0.1301801965677183
2018-01-29,0.14102973308138528
2018-01-30,0.1432918885658206
2018-01-31,0.14069250507824207
2018-02-01,0.14049852045178526
2018-02-02,0.1426940652489998
2018-02-05,0.14973644050581766
2018-02-06,0.13236353460113856
2018-02-07,0.1427032956868534
2018-02-08,0.14500429999939107
2018-02-09,0.1694593227823896
2018-02-12,0.16939940246490456
2018-02-13,0.1697599231187972
2018-02-14,0.17838019400329605
2018-02-15,0.1777744290683247
2018-02-16,0.17935731990172338
2018-02-19,0.1790637300721125
2018-02-20,0.1735511350808953
2018-02-21,0.17269803224111532
2018-02-22,0.17919811341168607
2018-02-23,0.1822566676877268
2018-02-26,0.1825987240797664
2018-02-27,0.18388153444665292
2018-02-28,0.18635461877871967
2018-03-01,0.18635288826890986
2018-03-02,0.19266084916057696
2018-03-05,0.20012830623288028
2018-03-06,0.19569476615995812
2018-03-07,0.20159790587220755
2018-03-08,0.20298961662593715
2018-03-09,0.22397445601776017
2018-03-12,0.22149018720969862
2018-03-13,0.22127940092342674
2018-03-14,0.2218425972590017
2018-03-15,0.22231870098210366
2018-03-16,0.2280747446989362
2018-03-19,0.22481766117143412
2018-03-20,0.23080008501385813
2018-03-21,0.23808418391548383
2018-03-22,0.23698161665262663
2018-03-23,0.22186802302206338
2018-03-26,0.2223282473694129
2018-03-27,0.22257831198717132
2018-03-28,0.21478613458059947
2018-03-29,0.21578889527675463
2018-03-30,0.2154505964683486
2018-04-02,0.24492690928998567
2018-04-03,0.24506872383590647
2018-04-04,0.24520078927687705
2018-04-05,0.24210653931690315
2018-04-06,0.24498390516632812
2018-04-09,0.25377316187351895
2018-04-10,0.2688138832069657
2018-04-11,0.2671183839677655
2018-04-12,0.26705215643814423
2018-04-13,0.25774668450501337
2018-04-16,0.2605761653111262
2018-04-17,0.2605732450302697
2018-04-18,0.2581260974812228
2018-04-19,0.2536972834721694
2018-04-20,0.24285545410287493
2018-04-23,0.24025987347624939
2018-04-24,0.24328708619049366
2018-04-25,0.24340352716942984
2018-04-26,0.2439014022558427
2018-04-27,0.24177712566335857
2018-04-30,0.24111561906808046
2018-05-01,0.23637108026886317
2018-05-02,0.23570646556418198
2018-05-03,0.23382662072051802
2018-05-04,0.23032036533865044
2018-05-07,0.23349258858731395
2018-05-08,0.2406223985371398
2018-05-09,0.2527786895735726
2018-05-10,0.2519004702417728
2018-05-11,0.2527658516793253
2018-05-14,0.22323418582929525
2018-05-15,0.2232435812670926
2018-05-16,0.22308819400928578
2018-05-17,0.2235467873549288
2018-05-18,0.21760488453941018
2018-05-21,0.21147005567739827
2018-05-22,0.19147383374825397
2018-05-23,0.18887572917405812
2018-05-24,0.19429813372656138
2018-05-25,0.2157644178710491
2018-05-28,0.20917849836445843
2018-05-29,0.21431388073492486
2018-05-30,0.215797324160129
2018-05-31,0.21570268854303962
2018-06-01,0.2156733659280069
2018-06-04,0.23270242570439273
2018-06-05,0.23002862893338163
2018-06-06,0.2300229001559482
2018-06-07,0.24010030161828697
2018-06-08,0.24267504700050258
2018-06-11,0.24197421814372772
2018-06-12,0.24315526849117264
2018-06-13,0.2336164452146919
2018-06-14,0.23610486902300562
2018-06-15,0.2508521101953108
2018-06-18,0.25725352266310386
2018-06-19,0.252338769732212
2018-06-20,0.2344750253193733
2018-06-21,0.24225212927437673
2018-06-22,0.2636146397219095
2018-06-25,0.2613222539171011
2018-06-26,0.2691969937743641
2018-06-27,0.2721778455465265
2018-06-28,0.27236174703779864
2018-06-29,0.27735447544567277
2018-07-02,0.2871994828455193
2018-07-03,0.2874691815998947
2018-07-04,0.28728548779321883
2018-07-05,0.28533546659234926
2018-07-06,0.2716649036697943
2018-07-09,0.2738799719251141
2018-07-10,0.27155897885760033
2018-07-11,0.3295915050839945
2018-07-12,0.33273430862559605
2018-07-13,0.33484928905077654
2018-07-16,0.3504815114737166
2018-07-17,0.35081208560809274
2018-07-18,0.3523807668491743
2018-07-19,0.3431296987442342
2018-07-20,0.342854697898812
2018-07-23,0.342850484766105
2018-07-24,0.34281152158407074
2018-07-25,0.3416350224928055
2018-07-26,0.3414526352882224
2018-07-27,0.3274417562527978
2018-07-30,0.31972097122679066
2018-07-31,0.32079968741759035
2018-08-01,0.32053324027918234
2018-08-02,0.31507214431987485
2018-08-03,0.29836925616403737
2018-08-06,0.29774744821417787
2018-08-07,0.29325571544626683
2018-08-08,0.3017036482205766
2018-08-09,0.3013112255331577
2018-08-10,0.2960206418349814
2018-08-13,0.28699323629347623
2018-08-14,0.28602130038196005
2018-08-15,0.29247124511256595
2018-08-16,0.294614327221193
2018-08-17,0.29551929517389974
2018-08-20,0.29315654649462713
2018-08-21,0.29181849029694223
2018-08-22,0.22957322922308582
2018-08-23,0.22594881034621989
2018-08-24,0.22732021357785667
2018-08-27,0.17944929237982485
2018-08-28,0.1799741169720914
2018-08-29,0.18285260933589015
2018-08-30,0.18269072551192636
2018-08-31,0.1832551338404835
2018-09-03,0.18324173110700742
2018-09-04,0.1843808112434439
2018-09-05,0.1880012591883709
2018-09-06,0.18975729650854734
2018-09-07,0.18955259678865213
2018-09-10,0.18887577504474937
2018-09-11,0.1952441016883675
2018-09-12,0.196004173735352
2018-09-13,0.20269983104447345
2018-09-14,0.20229969589725663
2018-09-17,0.201848080367368
2018-09-18,0.2020059526204671
2018-09-19,0.17492740981315338
2018-09-20,0.1775380591333204
2018-09-21,0.17624705543460495
2018-09-24,0.19282562766633946
2018-09-25,0.19241404733141837
2018-09-26,0.1769063055280758
2018-09-27,0.1763316546974311
2018-09-28,0.17771707827929184
2018-10-01,0.18935960040001898
2018-10-02,0.19064042785884544
2018-10-03,0.18018602478333479
2018-10-04,0.19334396831618478
2018-10-05,0.19252608084085995
2018-10-08,0.19337882441438603
2018-10-09,0.19428393182610937
2018-10-10,0.2052292457372757
2018-10-11,0.2301788188054274
2018-10-12,0.22956477161528877
2018-10-15,0.22968496094421922
2018-10-16,0.22916596349394003
2018-10-17,0.2321933731213281
2018-10-18,0.23199907915030263
2018-10-19,0.2322727325574635
2018-10-22,0.23165544637072585
2018-10-23,0.2554843871677585
2018-10-24,0.25393904783887183
2018-10-25,0.24979656943764175
2018-10-26,0.25143096402403153
2018-10-29,0.2516372483827748
2018-10-30,0.2540562507784875
2018-10-31,0.2537570228153311
2018-11-01,0.2528731335354016
2018-11-02,0.27130762175241063
2018-11-05,0.2538350695708684
2018-11-06,0.25327048049271045
2018-11-07,0.2533366782200121
2018-11-08,0.2560052642875321
2018-11-09,0.250941057901321
2018-11-12,0.23161426149516515
2018-11-13,0.28916731611668994
2018-11-14,0.2839999542448792
2018-11-15,0.2857479248547028
2018-11-16,0.2870803387991579
2018-11-19,0.28772255878078
2018-11-20,0.3241430451624057
2018-11-21,0.32985492017194484
2018-11-22,0.32178942206925004
2018-11-23,0.3729326627517506
2018-11-26,0.38741946788733694
2018-11-27,0.38433327071366713
2018-11-28,0.3860903064981151
2018-11-29,0.391671742672719
2018-11-30,0.38908951618882953
2018-12-03,0.42620024016296726
2018-12-04,0.4154355231961716
2018-12-05,0.4157861881674882
2018-12-06,0.41961918403202403
2018-12-07,0.42873986489716587
2018-12-10,0.43256352410081744
2018-12-11,0.43273273281800356
2018-12-12,0.4331250734397881
2018-12-13,0.44064392672961117
2018-12-14,0.4338262288865413
2018-12-17,0.43289086391059084
2018-12-18,0.45593031830550035
2018-12-19,0.46140417760145847
2018-12-20,0.4769982109875195
2018-12-21,0.4769920735454352
2018-12-24,0.5011671668791718
2018-12-25,0.4729446695627993
2018-12-26,0.5346853799514463
2018-12-27,0.5433080799571907
2018-12-28,0.5431157378944554
2018-12-31,0.5539499562521701
2019-01-01,0.5269129010961091
2019-01-02,0.528908266777626
2019-01-03,0.533073371687119
2019-01-04,0.4937205445947456
2019-01-07,0.4862873306340922
2019-01-08,0.4917664376832399
2019-01-09,0.5044382465056441
2019-01-10,0.5034444368123766
2019-01-11,0.5053119424505385
2019-01-14,0.48838458830169795
2019-01-15,0.4952005473094671
2019-01-16,0.4963270468452483
2019-01-17,0.48671094189721614
2019-01-18,0.48584199858653127
2019-01-21,0.4782650339546423
2019-01-22,0.48208721130666937
2019-01-23,0.48248697342789343
2019-01-24,0.4785197729875697
2019-01-25,0.47559319475492084
2019-01-28,0.48172956626678987
2019-01-29,0.4545400911710461
2019-01-30,0.452618941424471
2019-01-31,0.4234097924663608
2019-02-01,0.4214943612532218
2019-02-04,0.37025817646490194
2019-02-05,0.3725422351543265
2019-02-06,0.3040047788125847
2019-02-07,0.27735698653359786
2019-02-08,0.27700409122190156
2019-02-11,0.2702555118552771
2019-02-12,0.2714596987305132
2019-02-13,0.27071766728603497
2019-02-14,0.269228145271097
2019-02-15,0.2727746586210094
2019-02-18,0.2731794438485947
2019-02-19,0.2670254010732771
2019-02-20,0.23617195692548976
2019-02-21,0.236334932619155
2019-02-22,0.22678700281377748
2019-02-25,0.23984023776541838
2019-02-26,0.2284624441098407
2019-02-27,0.23158583728241916
2019-02-28,0.23235675563972288
2019-03-01,0.22765615414204957
2019-03-04,0.2287514087672612
2019-03-05,0.22010593849837118
2019-03-06,0.21872660789747617
2019-03-07,0.21855299744090226
2019-03-08,0.22011180028948144
2019-03-11,0.20279504144107638
2019-03-12,0.19414630785818027
2019-03-13,0.19633677946517916
2019-03-14,0.19763259585247092
2019-03-15,0.19774331486248378
2019-03-18,0.19665600868796831
2019-03-19,0.19388797812211472
2019-03-20,0.19459923850784977
2019-03-21,0.1890180982117376
2019-03-22,0.19375633071116874
2019-03-25,0.1903194270474978
2019-03-26,0.18870784667889778
2019-03-27,0.18283610234678468
2019-03-28,0.17879455116396012
2019-03-29,0.1647098159356317
2019-04-01,0.16626597383775182
2019-04-02,0.16657194493205582
2019-04-03,0.16494909905888083
2019-04-04,0.16490388876094494
2019-04-05,0.16873093184865337
2019-04-08,0.1297571871706367
2019-04-09,0.13240986149167863
2019-04-10,0.13029288256694302
2019-04-11,0.1356383780787619
2019-04-12,0.12752066011367041
2019-04-15,0.12843527469558114
2019-04-16,0.1292079621859864
2019-04-17,0.12978009855552797
2019-04-18,0.12980572770096033
2019-04-19,0.12570636835600016
2019-04-22,0.1437003364374822
2019-04-23,0.14375496878085497
2019-04-24,0.14114148162144305
2019-04-25,0.14034572137522353
2019-04-26,0.16954625495908485
2019-04-29,0.16964215748081607
2019-04-30,0.17130396225054198
2019-05-01,0.17112767267137508
2019-05-02,0.17953532037775802
2019-05-03,0.174790789898113
2019-05-06,0.1750904767514014
2019-05-07,0.18303654957242999
2019-05-08,0.18361120524297178
2019-05-09,0.18358608123012948
2019-05-10,0.18246017179724716
2019-05-13,0.1818473551660065
2019-05-14,0.18574622748343114
2019-05-15,0.1865972633403134
2019-05-16,0.18911665103091693
2019-05-17,0.18673183251455056
2019-05-20,0.18472630247340818
2019-05-21,0.18351264998898345
2019-05-22,0.18438566353832309
2019-05-23,0.2239291692963429
2019-05-24,0.22575402122600255
2019-05-27,0.2254728214834459
2019-05-28,0.2329145482244419
2019-05-29,0.2342924571767595
2019-05-30,0.2559190150949393
2019-05-31,0.27331354976725675
2019-06-03,0.28717332127499384
2019-06-04,0.28937150735441974
2019-06-05,0.29210305525802055
2019-06-06,0.30005327160331335
2019-06-07,0.30557789901292426
2019-06-10,0.30729775445302104
2019-06-11,0.30426901686062924
2019-06-12,0.31822383739031845
2019-06-13,0.3256484669786165
2019-06-14,0.328520054331543
2019-06-17,0.3292858497913314
2019-06-18,0.3339961130730274
2019-06-19,0.3324667500675705
2019-06-20,0.3588176596188409
2019-06-21,0.36083840271013373
2019-06-24,0.3608164030088341
2019-06-25,0.3577024075110732
2019-06-26,0.3638340513714059
2019-06-27,0.3615158747056556
2019-06-28,0.3614799696034404
2019-07-01,0.3660681610985737
2019-07-02,0.3814997348031222
2019-07-03,0.3877421173957655
2019-07-04,0.36650573385527535
2019-07-05,0.3644346388832457
2019-07-08,0.3643867240013597
2019-07-09,0.35811903434126924
2019-07-10,0.38251204607305617
2019-07-11,0.3674257946721202
2019-07-12,0.3515450891066058
2019-07-15,0.31693634866673953
2019-07-16,0.33153403207023296
2019-07-17,0.3264022137143884
2019-07-18,0.3335274094795611
2019-07-19,0.3254588406563621
2019-07-22,0.32407382909507054
2019-07-23,0.324951700410713
2019-07-24,0.30618620381212064
2019-07-25,0.3000617171456802
2019-07-26,0.2985203538676048
2019-07-29,0.29357303270422397
2019-07-30,0.29172797466076933
2019-07-31,0.29143226162855396
2019-08-01,0.33744039958036054
2019-08-02,0.3429433028138332
2019-08-05,0.3552637330797888
2019-08-06,0.35657149665808313
2019-08-07,0.3692144487343952
2019-08-08,0.3763490173363638
2019-08-09,0.38292749367254103
2019-08-12,0.3791113883903267
2019-08-13,0.3882677902580085
2019-08-14,0.3909500514423214
2019-08-15,0.39471994937464305
2019-08-16,0.394848502123824
2019-08-19,0.3997341654892191
2019-08-20,0.400158153493127
2019-08-21,0.37599640988518374
2019-08-22,0.3759125834592597
2019-08-23,0.3758901327024074
2019-08-26,0.37646249227515394
2019-08-27,0.3700377061392035
2019-08-28,0.3730618463070542
2019-08-29,0.36620618830293455
2019-08-30,0.3664081415240752
2019-09-02,0.3641887111334606
2019-09-03,0.37624530721711186
2019-09-04,0.3970092211344009
2019-09-05,0.39709159217562423
2019-09-06,0.39826282523238926
2019-09-09,0.4013991970023105
2019-09-10,0.3985419134207708
2019-09-11,0.40386711433079653
2019-09-12,0.34633222419647564
2019-09-13,0.33956300822238866
2019-09-16,0.5327723931672806
2019-09-17,0.5677600251981033
2019-09-18,0.5510075122748141
2019-09-19,0.5495184134417208
2019-09-20,0.5477672966990141
2019-09-23,0.5478069962814968
2019-09-24,0.5388779290665653
2019-09-25,0.5322143683061517
2019-09-26,0.5277369562841508
2019-09-27,0.529653772304505
2019-09-30,0.5305344000831124
2019-10-01,0.5384883222040258
2019-10-02,0.5414563595008511
2019-10-03,0.541227049304353
2019-10-04,0.541648857423791
2019-10-07,0.540689097962627
2019-10-08,0.5392037872397415
2019-10-09,0.5369217816813199
2019-10-10,0.5376359765323074
2019-10-11,0.5413061422016803
2019-10-14,0.5443272306519229
2019-10-15,0.5346415207366502
2019-10-16,0.5214558576156598
2019-10-17,0.5218910897027984
2019-10-18,0.521555910646547
2019-10-21,0.5191752659217486
2019-10-22,0.5207259786571771
2019-10-23,0.5206163112429938
2019-10-24,0.5205165727916757
2019-10-25,0.5205411210350208
2019-10-28,0.2880567887684153
2019-10-29,0.22230246957169567
2019-10-30,0.22294701631036767
2019-10-31,0.21926035763454424
2019-11-01,0.23221286103415695
2019-11-04,0.23205403101643787
2019-11-05,0.2237227153227563
2019-11-06,0.22846986854808005
2019-11-07,0.22940294553205529
2019-11-08,0.22621311408390454
2019-11-11,0.21994589296508119
2019-11-12,0.19831217848555568
2019-11-13,0.18693695559712373
2019-11-14,0.18720203411450115
2019-11-15,0.189756698810886
2019-11-18,0.19544438233137457
2019-11-19,0.21012928122538063
2019-11-20,0.22033949361027588
2019-11-21,0.22797920525641777
2019-11-22,0.22135480373879302
2019-11-25,0.212434707113976
2019-11-26,0.20994476497348438
2019-11-27,0.2091359349620352
2019-11-28,0.20856379178115886
2019-11-29,0.2217044800481117
2019-12-02,0.2326702550798849
2019-12-03,0.23027442578183155
2019-12-04,0.24237313572149918
2019-12-05,0.24193755099438086
2019-12-06,0.24536947418693392
2019-12-09,0.24425738285005502
2019-12-10,0.24423095068413944
2019-12-11,0.24098303517961125
2019-12-12,0.24029579776432256
2019-12-13,0.2348075337653272
2019-12-16,0.23429531706371268
2019-12-17,0.2336062702841105
2019-12-18,0.22490907258975348
2019-12-19,0.22428081680937484
2019-12-20,0.22552692736784552
2019-12-23,0.2245189801686901
2019-12-24,0.22594581122470808
2019-12-25,0.2259790073377347
2019-12-26,0.2268403072207
2019-12-27,0.22328098057461665
2019-12-30,0.217985930729248
2019-12-31,0.23220772776898155
2020-01-01,0.22300239787949944
2020-01-02,0.21201929170591202
2020-01-03,0.23157244661723175
2020-01-06,0.23159694415933704
2020-01-07,0.23316904132100905
2020-01-08,0.2649352492463257
2020-01-09,0.26498306577531255
2020-01-10,0.25399814147000943
2020-01-13,0.24562472320861775
2020-01-14,0.24550909806228735
2020-01-15,0.22500949629926664
2020-01-16,0.22598755424168482
2020-01-17,0.22165675894052103
2020-01-20,0.22153264307844112
2020-01-21,0.22187593128211283
2020-01-22,0.22889875378856409
2020-01-23,0.233681208995754
2020-01-24,0.23545817441438016
2020-01-27,0.2422707020892327
2020-01-28,0.23902603562263164
2020-01-29,0.23994616600738417
2020-01-30,0.24674731964860674
2020-01-31,0.24676078844642527
2020-02-03,0.29986574974164654
2020-02-04,0.29468180521547327
2020-02-05,0.30804254207588877
2020-02-06,0.30379231210484564
2020-02-07,0.30220469659474786
2020-02-10,0.3031487048325862
2020-02-11,0.29804015223257213
2020-02-12,0.3188533937920429
2020-02-13,0.3208507428162051
2020-02-14,0.3048222179674411
2020-02-17,0.303773841622051
2020-02-18,0.30605474964624374
2020-02-19,0.29747557404513375
2020-02-20,0.2980016825159693
2020-02-21,0.29948233855477835
2020-02-24,0.31473711087112166
2020-02-25,0.31870965854989924
2020-02-26,0.32529941440478494
2020-02-27,0.3257490326432913
2020-02-28,0.3319565261770955
2020-03-02,0.3468377022025816
2020-03-03,0.34722051263025344
2020-03-04,0.345247356375467
2020-03-05,0.34653401584055943
2020-03-06,0.42795601026984575
2020-03-09,0.7962777852362786
2020-03-10,0.8458527799735153
2020-03-11,0.8467409525021783
2020-03-12,0.8620356488014499
2020-03-13,0.8673570344894791
2020-03-16,0.9011537527781197
2020-03-17,0.9038446762134522
2020-03-18,0.9529218409537887
2020-03-19,1.0703926676441844
2020-03-20,1.074068497204308
2020-03-23,1.0760537742567176
2020-03-24,1.0738152066869364
2020-03-25,1.0656675209797482
2020-03-26,1.06265380084771
2020-03-27,1.0592766986423752
2020-03-30,1.0713519893780277
2020-03-31,1.0692143653640764
2020-04-01,1.1117010306996902
2020-04-02,1.3042891005894877
2020-04-03,1.3828901659985702
2020-04-06,1.38205505779787
2020-04-07,1.3832161323463301
2020-04-08,1.3885706072476416
2020-04-09,1.3907969115728727
2020-04-10,1.390102493767744
2020-04-13,1.386525482670827
2020-04-14,1.3950488926255744
2020-04-15,1.40248329724363
2020-04-16,1.4036821217410191
2020-04-17,1.3850951645509442
2020-04-20,1.2281494320686142
2020-04-21,1.3764997336571132
2020-04-22,1.3904441737292876
2020-04-23,1.3908327218111567
2020-04-24,1.3888324060813197
2020-04-27,1.3664957504030975
2020-04-28,1.3658615441199975
2020-04-29,1.3469972046698062
2020-04-30,1.3269885321466721
2020-05-01,1.3243118274472867
2020-05-04,1.32644244760227
2020-05-05,1.3829172581070976
2020-05-06,1.3900329330047851
2020-05-07,1.3843747620203835
2020-05-08,1.3775407696487512
2020-05-11,1.356150654408536
2020-05-12,1.3555668655382282
2020-05-13,1.340944203784156
2020-05-14,1.2121190920381113
2020-05-15,1.1497444019729761
2020-05-18,1.16296236166689
2020-05-19,1.1571013130129735
2020-05-20,1.1573525981619104
2020-05-21,1.1487580258988686
2020-05-22,1.1525947960595093
2020-05-25,1.1527260118899423
2020-05-26,1.133083957375306
2020-05-27,1.1211803416419428
2020-05-28,1.121172666403137
2020-05-29,1.121501136334371
2020-06-01,1.1003445985299343
2020-06-02,0.7765914405273973
2020-06-03,0.7737801187614737
2020-06-04,0.7723128219194507
2020-06-05,0.7772153308441414
2020-06-08,0.7493405440680065
2020-06-09,0.750730779687717
2020-06-10,0.7147554862522056
2020-06-11,0.7049451122396466
2020-06-12,0.699240400426944
2020-06-15,0.6987067572334337
2020-06-16,0.5931193540988965
2020-06-17,0.5758858778414817
2020-06-18,0.5732239822969062
2020-06-19,0.5613228068371864
2020-06-22,0.5377947495514231
2020-06-23,0.5421114269632595
2020-06-24,0.565146471094335
2020-06-25,0.5411278003388562
2020-06-26,0.5320269830450007
2020-06-29,0.49861441914607496
2020-06-30,0.5009767375617572
2020-07-01,0.4972774377631939
2020-07-02,0.5007864293827838
2020-07-03,0.49184547704153286
2020-07-06,0.49197297043303967
2020-07-07,0.48783068046032707
2020-07-08,0.4681532168268613
2020-07-09,0.4751384631578102
2020-07-10,0.4766675597234143
2020-07-13,0.4190568932656241
2020-07-14,0.41017522770343917
2020-07-15,0.4133399288390486
2020-07-16,0.4150481130140265
2020-07-17,0.38170491459902667
2020-07-20,0.36578086242334784
2020-07-21,0.37070999086966805
2020-07-22,0.36944108322837427
2020-07-23,0.2954887403207469
2020-07-24,0.295641899501779
2020-07-27,0.2884723076098413
2020-07-28,0.2765519416435253
2020-07-29,0.2770325678109744
2020-07-30,0.2786412442625307
2020-07-31,0.27582455156377483
2020-08-03,0.2749291767475757
2020-08-04,0.2731745661426217
2020-08-05,0.21898026627249365
2020-08-06,0.21516462381894919
2020-08-07,0.22154150232155037
2020-08-10,0.21981979982068733
2020-08-11,0.21832985574632371
2020-08-12,0.21797258324093222
2020-08-13,0.20906117725825787
2020-08-14,0.20953134420858016
2020-08-17,0.21196675679004695
2020-08-18,0.2118584193970729
2020-08-19,0.21194791336570504
2020-08-20,0.20345510973832853
2020-08-21,0.19928173958332765
2020-08-24,0.20103784421576268
2020-08-25,0.2051764635419392
2020-08-26,0.19847564038057255
2020-08-27,0.19978887973485604
2020-08-28,0.1989144876509423
2020-08-31,0.1991275643300761
2020-09-01,0.18816663702612418
2020-09-02,0.20294720525763732
2020-09-03,0.19339528889073657
2020-09-04,0.2152986701227095
2020-09-07,0.2152157157870107
2020-09-08,0.289934497770518
2020-09-09,0.2981598847753301
2020-09-10,0.2978706363726226
2020-09-11,0.29634430616361274
2020-09-14,0.28881257416120876
2020-09-15,0.29779180449938797
2020-09-16,0.3200808355709771
2020-09-17,0.3299517877613574
2020-09-18,0.3273089122096765
2020-09-21,0.34314554237206485
2020-09-22,0.3432107380161464
2020-09-23,0.3365134726217115
2020-09-24,0.33621463872507085
2020-09-25,0.3362167114980349
2020-09-28,0.33600863160604544
2020-09-29,0.34749266332043566
2020-09-30,0.34749357302012235
2020-10-01,0.34689761476379005
2020-10-02,0.36289769223308926
2020-10-05,0.3922975308395777
2020-10-06,0.40217567026951595
2020-10-07,0.40398371124789334
2020-10-08,0.4150256997626386
2020-10-09,0.41610127913609246
2020-10-12,0.4218299226050843
2020-10-13,0.4250122790420028
2020-10-14,0.4239734277616724
2020-10-15,0.4234783076920767
2020-10-16,0.4130874281479424
2020-10-19,0.41369915491638914
2020-10-20,0.36146673797608453
2020-10-21,0.3696300118047215
2020-10-22,0.36811891068441915
2020-10-23,0.37133520272914994
2020-10-26,0.3831571336969512
2020-10-27,0.38092812087974653
2020-10-28,0.3885942049109098
2020-10-29,0.3923853418624539
2020-10-30,0.3923809838031498
2020-11-02,0.3983790220730863
2020-11-03,0.40220553749684484
2020-11-04,0.4182700656591268
2020-11-05,0.418580235672738
2020-11-06,0.431167203993693
2020-11-09,0.4836178971389678
2020-11-10,0.47953616609390365
2020-11-11,0.4793790719890152
2020-11-12,0.479987251919147
2020-11-13,0.4663746153805177
2020-11-16,0.4483053591916494
2020-11-17,0.4389165979964382
2020-11-18,0.4373697113783463
2020-11-19,0.42822216714928774
2020-11-20,0.4290685292689497
2020-11-23,0.42518586216120735
2020-11-24,0.4357635169183962
2020-11-25,0.434434497074592
2020-11-26,0.43398244053255114
2020-11-27,0.43478163875230985
2020-11-30,0.4361716100428353
2020-12-01,0.43592118205456676
2020-12-02,0.4234660823375779
2020-12-03,0.4220830160551289
2020-12-04,0.4175763251346233
2020-12-07,0.4052234023426738
2020-12-08,0.40397282901384296
2020-12-09,0.36741364784464664
2020-12-10,0.34592637258889763
2020-12-11,0.34612692059233363
2020-12-14,0.33395745163064017
2020-12-15,0.332553998880078
2020-12-16,0.32029859313056974
2020-12-17,0.31728026853056684
2020-12-18,0.28892423221865754
2020-12-21,0.2334357747828199
2020-12-22,0.2323564238191757
2020-12-23,0.2379037404379827
2020-12-24,0.23567667688456814
2020-12-25,0.22628380909260798
2020-12-28,0.2233203923667657
2020-12-29,0.22243443913898345
2020-12-30,0.2210690494319536
2020-12-31,0.21997471587960823
2021-01-01,0.2175921184997544
2021-01-04,0.21576403207096775
2021-01-05,0.2315337739586781
2021-01-06,0.23050016814757157
2021-01-07,0.23032873473046198
2021-01-08,0.2387244812204458
2021-01-11,0.2353940480261642
2021-01-12,0.2359893923251985
2021-01-13,0.23737013481964914
2021-01-14,0.23703846804280038
2021-01-15,0.2500752205000611
2021-01-18,0.24723785152264866
2021-01-19,0.2488303787218541
2021-01-20,0.2485494777033418
2021-01-21,0.23837362114717098
2021-01-22,0.2414460762823962
2021-01-25,0.24173367369113846
2021-01-26,0.24127170796909542
2021-01-27,0.24154677527717894
2021-01-28,0.24213851491453184
2021-01-29,0.23968519870572308
2021-02-01,0.2247895675765061
2021-02-02,0.22144120581974427
2021-02-03,0.21844625260438488
2021-02-04,0.21835751957230598
2021-02-05,0.21816429841216634
2021-02-08,0.21890540769730998
2021-02-09,0.21901284724841252
2021-02-10,0.2189848034092461
2021-02-11,0.22129076593890976
2021-02-12,0.22504035133769296
2021-02-15,0.21782246290062396
2021-02-16,0.17910397325998736
2021-02-17,0.1801787381564611
2021-02-18,0.18320014199022966
2021-02-19,0.17857461591702625
2021-02-22,0.20005923308634446
2021-02-23,0.1974414113118086
2021-02-24,0.20152647855872827
2021-02-25,0.20299975690465213
2021-02-26,0.19047823190846722
2021-03-01,0.22731926585142168
2021-03-02,0.23294000449697555
2021-03-03,0.23862956084906095
2021-03-04,0.2612773522699798
2021-03-05,0.2724962034379657
2021-03-08,0.28106166024409057
2021-03-09,0.28502939170731
2021-03-10,0.28397196350353954
2021-03-11,0.2867681763858362
2021-03-12,0.28945867738957287
2021-03-15,0.2915905655680719
2021-03-16,0.29170099143472245
2021-03-17,0.29152755943606207
2021-03-18,0.3629004894299685
2021-03-19,0.3659213610134359
2021-03-22,0.3621525961500976
2021-03-23,0.40315584642825625
2021-03-24,0.4382331616446751
2021-03-25,0.4530586441969688
2021-03-26,0.46529393430921817
2021-03-29,0.4654749917427516
2021-03-30,0.4656752537499297
2021-03-31,0.4644049085574871
2021-04-01,0.46782090967553164
2021-04-02,0.46510220120744344
2021-04-05,0.46876116093447573
2021-04-06,0.4697070335710974
2021-04-07,0.4636068827563319
2021-04-08,0.46364329188000836
2021-04-09,0.46279413937093433
2021-04-12,0.45052405764756426
2021-04-13,0.448329304616928
2021-04-14,0.4631027258607826
2021-04-15,0.44756576067314696
2021-04-16,0.43223507414857587
2021-04-19,0.43001713530921953
2021-04-20,0.42942151682817215
2021-04-21,0.4324003087639634
2021-04-22,0.4251825832227652
2021-04-23,0.4265295151216049
2021-04-26,0.4267263050319738
2021-04-27,0.42796797698534567
2021-04-28,0.42941479913202907
2021-04-29,0.37875659744938117
2021-04-30,0.38051750362285885
2021-05-03,0.38061245937986565
2021-05-04,0.33681558370895887
2021-05-05,0.2934421009193021
2021-05-06,0.27118338261837444
2021-05-07,0.24469560128322154
2021-05-10,0.24437092622406809
2021-05-11,0.24037614508492613
2021-05-12,0.23908233285740554
2021-05-13,0.25436986804819484
2021-05-14,0.26329194638347403
2021-05-17,0.22912768229207395
2021-05-18,0.2322824091297156
2021-05-19,0.25081098394593615
2021-05-20,0.26121368399742856
2021-05-21,0.2665973808275665
2021-05-24,0.27899400839090427
2021-05-25,0.27880922635370964
2021-05-26,0.24721469061574786
2021-05-27,0.2478457246699287
2021-05-28,0.2475868082402904
2021-05-31,0.24749116538029772
2021-06-01,0.24705523739523574
2021-06-02,0.24210510712870217
2021-06-03,0.24227798105842982
2021-06-04,0.241638546461506
2021-06-07,0.24117717893024213
2021-06-08,0.24073724519689996
2021-06-09,0.23901926823155806
2021-06-10,0.2338089745733968
2021-06-11,0.2251019327066509
2021-06-14,0.2250301961099656
2021-06-15,0.2226885189125569
2021-06-16,0.2228092715162125
2021-06-17,0.2262216523595856
2021-06-18,0.22643862209555923
2021-06-21,0.23122576502920242
2021-06-22,0.23157129359233578
2021-06-23,0.23035867058444623
2021-06-24,0.2042136890589963
2021-06-25,0.19507381727072942
2021-06-28,0.2049098266185303
2021-06-29,0.20106868550014753
2021-06-30,0.1755161602665327
2021-07-01,0.15578756953499773
2021-07-02,0.14889860944549066
2021-07-05,0.12769369909046563
2021-07-06,0.1470187485305067
2021-07-07,0.15554444569341547
2021-07-08,0.15585857403020678
2021-07-09,0.1635361076466891
2021-07-12,0.16497535316958745
2021-07-13,0.16979047567238167
2021-07-14,0.18068066792447499
2021-07-15,0.18873108765265878
2021-07-16,0.18755180344346503
2021-07-19,0.2726560992845753
2021-07-20,0.27281439639136257
2021-07-21,0.2996394319212712
2021-07-22,0.30585052980620764
2021-07-23,0.30598135549537975
2021-07-26,0.3062414008350609
2021-07-27,0.30311029290058794
2021-07-28,0.3028861146750904
2021-07-29,0.3019145594537287
2021-07-30,0.3017045039556389
2021-08-02,0.3255396268444893
2021-08-03,0.32598543765398663
2021-08-04,0.334736647333919
2021-08-05,0.33696933544944296
2021-08-06,0.3361374180552919
2021-08-09,0.3380184872574711
2021-08-10,0.3458732351534552
2021-08-11,0.3474680126958322
2021-08-12,0.3459299241993902
2021-08-13,0.34622531930627487
2021-08-16,0.34817644937142733
2021-08-17,0.34389680050977134
2021-08-18,0.3430221692351337
2021-08-19,0.3479650863671236
2021-08-20,0.3439817569840151
2021-08-23,0.38469904087094076
2021-08-24,0.3945381167568467
2021-08-25,0.39334742315104093
2021-08-26,0.39302163683069474
2021-08-27,0.39897565250555306
2021-08-30,0.34464003097633716
2021-08-31,0.3445358088959054
2021-09-01,0.32846242897986366
2021-09-02,0.3276385805475336
2021-09-03,0.32776239626063536
2021-09-06,0.32729540564971515
2021-09-07,0.3291377950039073
2021-09-08,0.33131815394253
2021-09-09,0.32942414999673497
2021-09-10,0.33548046597676334
2021-09-13,0.30960622492022133
2021-09-14,0.30888752318611656
2021-09-15,0.30436324202392046
2021-09-16,0.30275878152523683
2021-09-17,0.30179680780081597
2021-09-20,0.29864178009178477
2021-09-21,0.29245193754226223
2021-09-22,0.29861174498695064
2021-09-23,0.300194793190127
2021-09-24,0.2984886813248265
2021-09-27,0.29599065317118584
2021-09-28,0.2955506773441046
2021-09-29,0.2932086853101499
2021-09-30,0.27894024267572376
2021-10-01,0.26896511366503484
2021-10-04,0.2343061805924309
2021-10-05,0.2214423139473859
2021-10-06,0.22823633247808786
2021-10-07,0.22069046040561463
2021-10-08,0.21395302691969922
2021-10-11,0.2157793026849245
2021-10-12,0.21473122942211792
2021-10-13,0.20400533754007288
2021-10-14,0.19956041251045983
2021-10-15,0.19761902860975517
2021-10-18,0.1998864171112513
2021-10-19,0.1928978983452048
2021-10-20,0.19200179754622246
2021-10-21,0.19036688141162814
2021-10-22,0.18581137587940474
2021-10-25,0.18563584283558668
2021-10-26,0.18524236950148418
2021-10-27,0.19070234550144133
2021-10-28,0.1917478089121917
2021-10-29,0.19045746574845573
2021-11-01,0.17789216728509435
2021-11-02,0.17831349601191163
2021-11-03,0.19744424183958162
2021-11-04,0.2027725661312793
2021-11-05,0.21464971761674947
2021-11-08,0.20987792564063457
2021-11-09,0.21280687954752922
2021-11-10,0.22638186265514787
2021-11-11,0.22618377653961413
2021-11-12,0.2268647394260608
2021-11-15,0.2155406837315795
2021-11-16,0.21086527587976983
2021-11-17,0.21810277456293142
2021-11-18,0.21866776492689424
2021-11-19,0.2331900455671456
2021-11-22,0.2305143929528108
2021-11-23,0.2509098561037262
2021-11-24,0.2507972339647549
2021-11-25,0.2489641898284784
2021-11-26,0.41454634561928017
2021-11-29,0.4166881170861072
2021-11-30,0.426620084849349
2021-12-01,0.42748930771692706
2021-12-02,0.43023484260174516
2021-12-03,0.42814124510837615
2021-12-06,0.4530547835992472
2021-12-07,0.46507443378355556
2021-12-08,0.462938633884273
2021-12-09,0.4650437478914851
2021-12-10,0.4665426289776199
2021-12-13,0.46639843689763955
2021-12-14,0.46649212194938033
2021-12-15,0.45915776432318006
2021-12-16,0.4600125189675196
2021-12-17,0.4542664008626267
2021-12-20,0.4578706155291802
2021-12-21,0.4680207015294221
2021-12-22,0.46771130545125483
2021-12-23,0.47239201893786253
2021-12-24,0.4720347055938609
2021-12-27,0.4773735064852075
2021-12-28,0.4773431389598407
2021-12-29,0.47150373255570244
2021-12-30,0.4701611186395774
2021-12-31,0.46592752733063864
2022-01-03,0.467157902964201
2022-01-04,0.4585837290168442
2022-01-05,0.4595958921380851
2022-01-06,0.4616208650206649
2022-01-07,0.3036193878513513
2022-01-10,0.3060776425541749
2022-01-11,0.29192001255133665
2022-01-12,0.27805032160084503
2022-01-13,0.2790078227851714
2022-01-14,0.28100246085933744
2022-01-17,0.2565085457437883
2022-01-18,0.24623717638074594
2022-01-19,0.24676211007009796
2022-01-20,0.2370964205556135
2022-01-21,0.2390389085158097
2022-01-24,0.244858190893733
2022-01-25,0.2459285726858919
2022-01-26,0.24887258995329528
2022-01-27,0.25047526000538634
2022-01-28,0.2380936100487052
2022-01-31,0.21553977019972245
2022-02-01,0.2185443225769757
2022-02-02,0.21598457280839664
2022-02-03,0.2146626604170871
2022-02-04,0.2200468905099895
2022-02-07,0.21752346550770355
2022-02-08,0.23041467411201955
2022-02-09,0.23063706506911794
2022-02-10,0.23114692785232382
2022-02-11,0.2334041452782462
2022-02-14,0.23610434936426605
2022-02-15,0.2620805495061899
2022-02-16,0.26373750375559746
2022-02-17,0.2717672302008716
2022-02-18,0.2709293039334782
2022-02-21,0.26738340511381287
2022-02-22,0.26742003389740004
2022-02-23,0.26710229629007776
2022-02-24,0.27149193971297253
2022-02-25,0.27281112115066763
2022-02-28,0.2832066840488319
2022-03-01,0.2982135882738336
2022-03-02,0.36000278867015484
2022-03-03,0.36976797179995935
2022-03-04,0.40802508186911346
2022-03-07,0.4095108526278056
2022-03-08,0.4157076011087887
2022-03-09,0.5889776181488869
2022-03-10,0.5916315618473037
2022-03-11,0.5954110783621853
2022-03-14,0.6195059050920075
2022-03-15,0.6484909496747076
2022-03-16,0.6520760018001174
2022-03-17,0.6952556618929403
2022-03-18,0.6935282963394843
2022-03-21,0.7177636043780785
2022-03-22,0.7131382978844693
2022-03-23,0.7244116638866153
2022-03-24,0.7294593830408709
2022-03-25,0.7262346562151941
2022-03-28,0.7584342568703111
2022-03-29,0.7534321439452429
2022-03-30,0.7557780578463092
2022-03-31,0.76943952191644
2022-04-01,0.7775950291813076
2022-04-04,0.7808468931653851
2022-04-05,0.7767742394644
2022-04-06,0.793904407507992
2022-04-07,0.7917719268117318
2022-04-08,0.7928199101566967
2022-04-11,0.7983391244117178
2022-04-12,0.8108833584147612
2022-04-13,0.7883674433123337
2022-04-14,0.7892852032016893
2022-04-15,0.7627670284364776
2022-04-18,0.7526327914683264
2022-04-19,0.7563152308382644
2022-04-20,0.6538665872696506
2022-04-21,0.6534677179615173
2022-04-22,0.6486864756738511
2022-04-25,0.642249693442067
2022-04-26,0.6163529661295535
2022-04-27,0.6130370329635538
2022-04-28,0.5612165897237842
2022-04-29,0.5620686573827526
2022-05-02,0.5229029497063717
2022-05-03,0.5269019704750944
2022-05-04,0.5235678375952131
2022-05-05,0.5213205098834798
2022-05-06,0.5212758343969331
2022-05-09,0.5106861227895212
2022-05-10,0.5160608945202023
2022-05-11,0.5296853173660012
2022-05-12,0.510120379226278
2022-05-13,0.5116025163895523
2022-05-16,0.5091164054644107
2022-05-17,0.512482809640551
2022-05-18,0.49319323527397774
2022-05-19,0.4973386556870647
2022-05-20,0.4944786752461726
2022-05-23,0.4754904680611474
2022-05-24,0.44329189216131365
2022-05-25,0.42965704433551977
2022-05-26,0.43109225988384847
2022-05-27,0.43329595194064924
2022-05-30,0.43220461006590105
2022-05-31,0.4065228164333018
2022-06-01,0.4396106261604948
2022-06-02,0.4390414239976206
2022-06-03,0.4374120219518651
2022-06-06,0.4168203011736823
2022-06-07,0.41240008978284437
2022-06-08,0.41639899995835283
2022-06-09,0.41453911964480245
2022-06-10,0.4148423004371993
2022-06-13,0.41051300023793247
2022-06-14,0.4035114798297906
2022-06-15,0.3883098209325105
2022-06-16,0.38886771349722127
2022-06-17,0.4228599314944941
2022-06-20,0.38558479251992295
2022-06-21,0.37184762432874535
2022-06-22,0.3554755659878334
2022-06-23,0.3587120949804567
2022-06-24,0.3506293504345214
2022-06-27,0.34726395103387636
2022-06-28,0.34863165057867274
2022-06-29,0.34274609656072297
2022-06-30,0.3372180796243458
2022-07-01,0.3471046323675984
2022-07-04,0.34632327071499175
2022-07-05,0.41517337545022637
2022-07-06,0.4175443498301768
2022-07-07,0.42521935883139134
2022-07-08,0.42776731528056555
2022-07-11,0.4278227913392988
2022-07-12,0.4596640680130507
2022-07-13,0.43810793252906804
2022-07-14,0.4354328319642792
2022-07-15,0.4368300166944029
2022-07-18,0.4657477326059066
2022-07-19,0.4660607401696412
2022-07-20,0.4582159373533733
2022-07-21,0.46355449970659796
2022-07-22,0.4634570982293426
2022-07-25,0.46826629146905746
2022-07-26,0.4681449147347459
2022-07-27,0.47091248970243343
2022-07-28,0.46966194734352523
2022-07-29,0.4499631446945567
2022-08-01,0.5203442444914245
2022-08-02,0.5185102270640581
2022-08-03,0.5239894374664251
2022-08-04,0.5274342099036072
2022-08-05,0.5199765762601785
2022-08-08,0.5202895478614915
2022-08-09,0.5123182803825949
2022-08-10,0.5141431679055609
2022-08-11,0.5199377503279734
2022-08-12,0.5161567764818911
2022-08-15,0.5220169602587112
2022-08-16,0.4780560593703249
2022-08-17,0.47775051930674467
2022-08-18,0.4723132847920871
2022-08-19,0.4665643235649364
2022-08-22,0.466436463023299
2022-08-23,0.4348212661968989
2022-08-24,0.43566820400579787
2022-08-25,0.4390634878197761
2022-08-26,0.43754703818204826
2022-08-29,0.42851271005730013
2022-08-30,0.455817003854353
2022-08-31,0.4621022062571484
2022-09-01,0.4706844147690091
2022-09-02,0.47159082593363494
2022-09-05,0.46711924762045354
2022-09-06,0.46702236433925376
2022-09-07,0.4813694841129617
2022-09-08,0.48354690253920246
2022-09-09,0.4938030972649603
2022-09-12,0.42409712641005265
2022-09-13,0.4240717048643671
2022-09-14,0.41194613752921927
2022-09-15,0.4165023472942729
2022-09-16,0.41602340265023946
2022-09-19,0.41280885815976015
2022-09-20,0.41467896004246463
2022-09-21,0.4132787955487564
2022-09-22,0.4075334727382569
2022-09-23,0.42660690144556745
2022-09-26,0.42329084475007156
2022-09-27,0.4249574387393626
2022-09-28,0.43620606413392066
2022-09-29,0.42559109852113275
2022-09-30,0.42553634373875693
2022-10-03,0.4272134874818871
2022-10-04,0.4227541183446582
2022-10-05,0.4250901943935557
2022-10-06,0.4239772849226878
2022-10-07,0.43549523513204086
2022-10-10,0.41999146837944323
2022-10-11,0.39335958977428315
2022-10-12,0.3888853933629214
2022-10-13,0.3740642546935867
2022-10-14,0.38491351326210094
2022-10-17,0.38491311074141776
2022-10-18,0.38808830519764714
2022-10-19,0.36383120984967693
2022-10-20,0.3623215945475285
2022-10-21,0.3437307772537298
2022-10-24,0.341916766831354
2022-10-25,0.34097777260964535
2022-10-26,0.3463349688648132
2022-10-27,0.331250462331025
2022-10-28,0.33378300483987894
2022-10-31,0.3350402922950903
2022-11-01,0.3316614063174033
2022-11-02,0.33265802226417146
2022-11-03,0.336371280802542
2022-11-04,0.321250724748248
2022-11-07,0.31134133108419815
2022-11-08,0.3176257368807778
2022-11-09,0.31588753585155604
2022-11-10,0.3153893430589801
2022-11-11,0.32109059177442806
2022-11-14,0.3339881093459916
2022-11-15,0.32117645985538856
2022-11-16,0.31910509143902005
2022-11-17,0.3312505446553617
2022-11-18,0.31650335613748126
2022-11-21,0.3136579676850615
2022-11-22,0.31181919233538563
2022-11-23,0.32105402654467025
2022-11-24,0.31206094329284156
2022-11-25,0.30544721547779785
2022-11-28,0.3054087709524705
2022-11-29,0.30238066848972894
2022-11-30,0.3045127264830447
2022-12-01,0.3096388658372879
2022-12-02,0.3089998609927041
2022-12-05,0.3217963437639966
2022-12-06,0.33792723958797743
2022-12-07,0.33273706142342885
2022-12-08,0.3275775387486401
2022-12-09,0.32793361295265705
2022-12-12,0.3408640347373784
2022-12-13,0.3606634260960803
2022-12-14,0.36618090145366883
2022-12-15,0.3668957844564314
2022-12-16,0.3449928799478986
2022-12-19,0.3483833731696339
2022-12-20,0.3442373477231523
2022-12-21,0.3502462388614218
2022-12-22,0.34879392894089856
2022-12-23,0.3586994788673423
2022-12-26,0.3506116000034356
2022-12-27,0.3499349650282285
2022-12-28,0.350354450596714
2022-12-29,0.3399423150377965
2022-12-30,0.35983636957569953
2023-01-02,0.35980856003804174
2023-01-03,0.38002125038449525
2023-01-04,0.3966476117487734
2023-01-05,0.398572133452559
2023-01-06,0.39472872940899423
2023-01-09,0.39710816381480973
2023-01-10,0.397585421602602
2023-01-11,0.3997570686983201
2023-01-12,0.39955838196909416
2023-01-13,0.39969073866331173
2023-01-16,0.38651797026899
2023-01-17,0.36610368313734876
2023-01-18,0.357207225769812
2023-01-19,0.3548376798223852
2023-01-20,0.3563700368344939
2023-01-23,0.3514050312411791
2023-01-24,0.3482621620626382
2023-01-25,0.34163133610094587
2023-01-26,0.33878383092954656
2023-01-27,0.3292531707182678
2023-01-30,0.33561260093772904
2023-01-31,0.3362445535152744
2023-02-01,0.33282488466123317
2023-02-02,0.3306933026045089
2023-02-03,0.32234670658575937
2023-02-06,0.3250849023164304
2023-02-07,0.33967685276544995
2023-02-08,0.3408496564495048
2023-02-09,0.3394871696644277
2023-02-10,0.32058968233531576
2023-02-13,0.3206480703527862
2023-02-14,0.29390998496711673
2023-02-15,0.24695632054872724
2023-02-16,0.246433983350822
2023-02-17,0.2591612108742877
2023-02-20,0.25677976188014034
2023-02-21,0.2564875731808408
2023-02-22,0.2544210434369027
2023-02-23,0.25668294647873985
2023-02-24,0.2551188916483774
2023-02-27,0.2561094509475919
2023-02-28,0.26057121521537197
2023-03-01,0.25920284189852383
2023-03-02,0.2563303938659276
2023-03-03,0.2540665195233212
2023-03-06,0.25360411765647134
2023-03-07,0.263062240684407
2023-03-08,0.2637335017251102
2023-03-09,0.26081790079753675
2023-03-10,0.26433052937643997
2023-03-13,0.2670375649375486
2023-03-14,0.29059663522330814
2023-03-15,0.3162125398054298
2023-03-16,0.3198722417890379
2023-03-17,0.31745862049197093
2023-03-20,0.3166755884712562
2023-03-21,0.30607114437277094
2023-03-22,0.3069308577530798
2023-03-23,0.3074091090656044
2023-03-24,0.29842427953282624
2023-03-27,0.32677529287307766
2023-03-28,0.32695478813796264
2023-03-29,0.32700996795840304
2023-03-30,0.33001259386242954
2023-03-31,0.3235157187487974
2023-04-03,0.3755918363904364
2023-04-04,0.3755993296349779
2023-04-05,0.3643072158782027
2023-04-06,0.3603094147696499
2023-04-07,0.35903572606780426
2023-04-10,0.3596883261673116
2023-04-11,0.3595002072015591
2023-04-12,0.36362359196491206
2023-04-13,0.3662097829858724
2023-04-14,0.36450394434354927
2023-04-17,0.36816958537463845
2023-04-18,0.3544309974441354
2023-04-19,0.35853361351579144
2023-04-20,0.36368934736897734
2023-04-21,0.3616981583433386
2023-04-24,0.3562614327318565
2023-04-25,0.34163544613644065
2023-04-26,0.3294621866675534
2023-04-27,0.32823937476853304
2023-04-28,0.32156273563738097
2023-05-01,0.32105278932375125
2023-05-02,0.350833645199831
2023-05-03,0.36492292221784256
2023-05-04,0.3641994226618879
2023-05-05,0.380403303559638
2023-05-08,0.3661712480820627
2023-05-09,0.36598814098975235
2023-05-10,0.3677389710386871
2023-05-11,0.36919183187497123
2023-05-12,0.3693408918983271
2023-05-15,0.3149569208396676
2023-05-16,0.3147340311944568
2023-05-17,0.3274301941082653
2023-05-18,0.32869691173174387
2023-05-19,0.3285174114291551
2023-05-22,0.32880578418502815
2023-05-23,0.3261299946159832
2023-05-24,0.32593740225446777
2023-05-25,0.33156217566944196
2023-05-26,0.3331771635891292
2023-05-29,0.33050886003090035
2023-05-30,0.3512940355577972
2023-05-31,0.34918192844017776
2023-06-01,0.35201958328914884
2023-06-02,0.360054623931655
2023-06-05,0.3583914592275429
2023-06-06,0.35277319896324144
2023-06-07,0.3364203514771582
2023-06-08,0.33731049718170886
2023-06-09,0.336458365386146
2023-06-12,0.35369565177181017
2023-06-13,0.340035567101974
2023-06-14,0.32205959627311026
2023-06-15,0.33609035164760237
2023-06-16,0.3191965635104977
2023-06-19,0.3123461513724625
2023-06-20,0.3130101068900263
2023-06-21,0.3141317347466831
2023-06-22,0.3296477322478741
2023-06-23,0.3283178048584446
2023-06-26,0.32584380324538065
2023-06-27,0.33407152998448486
2023-06-28,0.3320516731385253
2023-06-29,0.3299750011269278
2023-06-30,0.3306241174963703
2023-07-03,0.33032928085482627
2023-07-04,0.3285112478153371
2023-07-05,0.3329181455475481
2023-07-06,0.32351736438207995
2023-07-07,0.3307974748806024
2023-07-10,0.33227406223880357
2023-07-11,0.3092962046922212
2023-07-12,0.30658025133839295
2023-07-13,0.30360276056199514
2023-07-14,0.3026117662947867
2023-07-17,0.30694138363470164
2023-07-18,0.3087242026517843
2023-07-19,0.3081695315149646
2023-07-20,0.3052522418347612
2023-07-21,0.30426603478135356
2023-07-24,0.28054809770045286
2023-07-25,0.26728013187255045
2023-07-26,0.26413926906984725
2023-07-27,0.25162899834470126
2023-07-28,0.250774768937406
2023-07-31,0.25069442222601646
2023-08-01,0.2499827662297503
2023-08-02,0.2565622104504188
2023-08-03,0.23151310853609325
2023-08-04,0.23119637093624948
2023-08-07,0.23564689535939676
2023-08-08,0.21725346700173687
2023-08-09,0.21230607130177093
2023-08-10,0.21919821542402124
2023-08-11,0.21907994930525276
2023-08-14,0.2205053257445795
2023-08-15,0.2278086651312672
2023-08-16,0.2257124565877721
2023-08-17,0.22573845771432896
2023-08-18,0.21628760453210483
2023-08-21,0.213951221232406
2023-08-22,0.2072021527518002
2023-08-23,0.20881911460609148
2023-08-24,0.2044177149508871
2023-08-25,0.1991426803485835
2023-08-28,0.19097240501092427
2023-08-29,0.1901042001341656
2023-08-30,0.18967532693836484
2023-08-31,0.19144869322671512
2023-09-01,0.1925161693848157
2023-09-04,0.18528996851137905
2023-09-05,0.18844988403584467
2023-09-06,0.18571537651284326
2023-09-07,0.18398207675012676
2023-09-08,0.18374910025941305
2023-09-11,0.18336322937784025
2023-09-12,0.1851822093770404
2023-09-13,0.17271928682894652
2023-09-14,0.16946672376625702
2023-09-15,0.16697555559593494
2023-09-18,0.16221345165049225
2023-09-19,0.16156320445486871
2023-09-20,0.16016716637119396
2023-09-21,0.15412833554085606
2023-09-22,0.1542178723241186
2023-09-25,0.15182698009988085
2023-09-26,0.14236861465328235
2023-09-27,0.14540874138150106
2023-09-28,0.1531734766238348
2023-09-29,0.15338297440880402
2023-10-02,0.21470089347913704
2023-10-03,0.2135035172579913
2023-10-04,0.2716153805116459
2023-10-05,0.2786172833750333
2023-10-06,0.2764392587967281
2023-10-09,0.3020280529947313
2023-10-10,0.30087115810870313
2023-10-11,0.3072558509592044
2023-10-12,0.3053965828402136
2023-10-13,0.34316867400675083
2023-10-16,0.34581518069952405
2023-10-17,0.3424832793801818
2023-10-18,0.34588636680609003
2023-10-19,0.34597714731153967
2023-10-20,0.34547224302641494
2023-10-23,0.35364261668768215
2023-10-24,0.3547815494764917
2023-10-25,0.36186802864155676
2023-10-26,0.3631126615277231
2023-10-27,0.3738476507367352
2023-10-30,0.3849217256991714
2023-10-31,0.3849391690352279
2023-11-01,0.39403168736303135
2023-11-02,0.403063227288677
2023-11-03,0.40735717956921025
2023-11-06,0.4076696295849759
2023-11-07,0.42190248533157293
2023-11-08,0.4149481465674099
2023-11-09,0.41596753349579024
2023-11-10,0.4212262144214097
2023-11-13,0.40359287488907714
2023-11-14,0.4033576033310968
2023-11-15,0.37278179852289933
2023-11-16,0.3913087103042007
2023-11-17,0.41072391246635087
2023-11-20,0.3956375428565746
2023-11-21,0.39560747443146366
2023-11-22,0.3916764911720196
2023-11-23,0.3919149665939094
2023-11-24,0.3510645014326622
2023-11-27,0.35000763465406987
2023-11-28,0.3569423071043369
2023-11-29,0.3567358718597355
2023-11-30,0.35473756035030446
2023-12-01,0.3772114873946046
2023-12-04,0.37271605032962724
2023-12-05,0.3704439064572848
2023-12-06,0.3732283402634916
2023-12-07,0.36924358231639653
2023-12-08,0.36557687099556835
2023-12-11,0.35649485623503835
2023-12-12,0.3682820716362955
2023-12-13,0.36384766423976406
2023-12-14,0.3680819674395572
2023-12-15,0.3638781882467166
2023-12-18,0.36874320297999647
2023-12-19,0.3532584468213153
2023-12-20,0.3458730350090813
2023-12-21,0.34565764820372197
2023-12-22,0.34166536409071435
2023-12-25,0.33904407937188114
2023-12-26,0.3476395523464508
2023-12-27,0.3483979302941655
2023-12-28,0.323815594525069
2023-12-29,0.30383982433137746
2024-01-01,0.2962894575329717
2024-01-02,0.29839338550519573
2024-01-03,0.313693467096278
2024-01-04,0.3139139785131639
2024-01-05,0.3164197909030597
2024-01-08,0.330073857676968
2024-01-09,0.32895883756786337
2024-01-10,0.3248826906366153
2024-01-11,0.32625114579356723
2024-01-12,0.29814873774418876
2024-01-15,0.2964200323186515
2024-01-16,0.29461349599971537
2024-01-17,0.27223919951709685
2024-01-18,0.2747308998937609
2024-01-19,0.2679371345047507
2024-01-22,0.2728469575713872
2024-01-23,0.24868993383985044
2024-01-24,0.24670191674649564
2024-01-25,0.2449242262674101
2024-01-26,0.24675489709533827
2024-01-29,0.24702695035799202
2024-01-30,0.2435064612716516
2024-01-31,0.2472560038796071
2024-02-01,0.27022984988491594
2024-02-02,0.27464407716051004
2024-02-05,0.2759161864036176
2024-02-06,0.2662692384431191
2024-02-07,0.2626481241343104
2024-02-08,0.2726526812642414
2024-02-09,0.2671668198052387
2024-02-12,0.26742337992351467
2024-02-13,0.26312726767370015
2024-02-14,0.2536889844312926
2024-02-15,0.2549804643551804
2024-02-16,0.2525940106692255
2024-02-19,0.22916025521768885
2024-02-20,0.22884090681243435
2024-02-21,0.22650775280256705
2024-02-22,0.22646158778871558
2024-02-23,0.23808610305664796
2024-02-26,0.23966394656265133
2024-02-27,0.24196025167582386
2024-02-28,0.24098265292255067
2024-02-29,0.2378681929912461
2024-03-01,0.23657485531139802
2024-03-04,0.23308075869770417
2024-03-05,0.23401650604989638
2024-03-06,0.23541420534173593
2024-03-07,0.21929250108403
2024-03-08,0.21776586346663088
2024-03-11,0.21415566490644233
2024-03-12,0.21369422932557405
2024-03-13,0.22242821390676007
2024-03-14,0.1956533638382211
2024-03-15,0.18647292732325257
2024-03-18,0.19083274049381613
2024-03-19,0.19054985612525066
2024-03-20,0.19861246039092303
2024-03-21,0.1806850721022417
2024-03-22,0.18076110888521701
2024-03-25,0.1849158481275024
2024-03-26,0.18482932652861728
2024-03-27,0.17917764126052393
2024-03-28,0.1796532449635381
2024-03-29,0.1789641299036082
2024-04-01,0.1790293369631869
2024-04-02,0.17857423246477624
2024-04-03,0.1778761403787956
2024-04-04,0.18069664841496333
2024-04-05,0.16130016978290204
2024-04-08,0.1636028521972286
2024-04-09,0.16514606215821226
2024-04-10,0.16733147090036105
2024-04-11,0.17001639429613088
2024-04-12,0.17045364224120807
2024-04-15,0.1680380291003749
2024-04-16,0.16455232230787636
2024-04-17,0.189080221765486
2024-04-18,0.18934185135154838
2024-04-19,0.18571303691150368
2024-04-22,0.18637920090686821
2024-04-23,0.19014490651638705
2024-04-24,0.1779890828601044
2024-04-25,0.17476140760812145
2024-04-26,0.17499982853544577
2024-04-29,0.17226107809334676
2024-04-30,0.17265792727554605
2024-05-01,0.22199842822790813
2024-05-02,0.22222102694704363
2024-05-03,0.2231623769167011
2024-05-06,0.21839538038909243
2024-05-07,0.21799245007157003
2024-05-08,0.2187084455647967
2024-05-09,0.21316557281857268
2024-05-10,0.21578208935805335
2024-05-13,0.21721561704364775
2024-05-14,0.21173893257489362
2024-05-15,0.21163820401921102
2024-05-16,0.20717179426274582
2024-05-17,0.208318796164437
2024-05-20,0.20754868425489842
2024-05-21,0.2073174372064417
2024-05-22,0.20446517558580066
2024-05-23,0.20418345466512267
2024-05-24,0.20489907136555374
2024-05-27,0.20508508574994094
2024-05-28,0.2211658662231782
2024-05-29,0.20515281169873104
2024-05-30,0.21276994542109023
2024-05-31,0.21243646249962095
2024-06-03,0.23904025755742947
2024-06-04,0.2324407754534437
2024-06-05,0.23687536082517432
2024-06-06,0.24183976952801858
2024-06-07,0.24033880939918037
2024-06-10,0.25307148518118777
2024-06-11,0.2534324415132698
2024-06-12,0.2099681320864591
2024-06-13,0.2098687027993293
2024-06-14,0.20847260897887998
2024-06-17,0.21590920522832946
2024-06-18,0.21869358986590817
2024-06-19,0.21836056496007555
2024-06-20,0.21847138250206977
2024-06-21,0.21540983615223494
2024-06-24,0.21600368826745187
2024-06-25,0.21593673701536745
2024-06-26,0.21576567110275366
2024-06-27,0.21821479793635423
2024-06-28,0.21715563380164923
2024-07-01,0.21679994144789577
2024-07-02,0.21486307176076289
2024-07-03,0.21350811139095854
2024-07-04,0.21198911007823518
2024-07-05,0.21354143193418454
2024-07-08,0.21585035500233307
2024-07-09,0.2071426572505436
2024-07-10,0.20628159599017723
2024-07-11,0.19608873790920628
2024-07-12,0.19640477277490098
2024-07-15,0.15293903004910628
2024-07-16,0.15498518873353165
2024-07-17,0.15784960973220352
2024-07-18,0.15062667460627716
2024-07-19,0.17539515363703498
2024-07-22,0.16030269069351563
2024-07-23,0.16753463746630745
2024-07-24,0.1676895009921819
2024-07-25,0.16935201533923191
2024-07-26,0.17479212320174511
2024-07-29,0.16984351217916066
2024-07-30,0.1678589136191504
2024-07-31,0.18799904238435203
2024-08-01,0.1907496506196542
2024-08-02,0.21159869064949471
2024-08-05,0.20846218046288062
2024-08-06,0.2078985594854138
2024-08-07,0.22221702382935787
2024-08-08,0.2206095381008064
2024-08-09,0.22204007452919197
2024-08-12,0.2448089242826921
2024-08-13,0.2502291370064351
2024-08-14,0.24758935077769273
2024-08-15,0.25352282213650357
2024-08-16,0.2562447564428855
2024-08-19,0.264019264234746
2024-08-20,0.262615529740259
2024-08-21,0.26372946142071035
2024-08-22,0.2686541342572539
2024-08-23,0.2793838576393478
2024-08-26,0.29510950491569027
2024-08-27,0.29995372454052316
2024-08-28,0.29643957209690075
2024-08-29,0.3013654794400608
2024-08-30,0.2926443166808568
2024-09-02,0.29264255995396254
2024-09-03,0.34223314417127515
2024-09-04,0.34195358021487243
2024-09-05,0.34032822322660405
2024-09-06,0.34307990262848254
2024-09-09,0.34370058931175673
2024-09-10,0.35599027429050617
2024-09-11,0.35187673535158487
2024-09-12,0.35676373366188713
2024-09-13,0.3445483094306285
2024-09-16,0.348152367379568
2024-09-17,0.350516295416258
2024-09-18,0.342303911522627
2024-09-19,0.3446775723315403
2024-09-20,0.34398926863934987
2024-09-23,0.327735890909039
2024-09-24,0.32926431049090643
2024-09-25,0.33361945627012646
2024-09-26,0.33515013548855804
2024-09-27,0.3338855326179258
2024-09-30,0.3271957134514721
2024-10-01,0.33641977057091305
2024-10-02,0.3343596376125405
2024-10-03,0.3631159371603745
2024-10-04,0.35698564099422103
2024-10-07,0.3622070509267769
2024-10-08,0.38089662168946176
2024-10-09,0.3801791877201748
2024-10-10,0.3925266850045003
2024-10-11,0.39044728496118525
2024-10-14,0.3948965854002616
2024-10-15,0.36760744794287525
2024-10-16,0.3649702724733079
2024-10-17,0.36500733124486984
2024-10-18,0.36306619347858327
2024-10-21,0.3648329178126237
2024-10-22,0.35156708862139696
2024-10-23,0.3512665876675208
2024-10-24,0.3485980933592473
2024-10-25,0.3533131052094852
2024-10-28,0.3951280895093395
2024-10-29,0.3932142493800971
2024-10-30,0.3978975648922934
2024-10-31,0.3955565792342839
2024-11-01,0.3953044113927936
2024-11-04,0.4024166410952137
2024-11-05,0.39976518400313565
2024-11-06,0.3945890931955528
2024-11-07,0.3872734168955718
2024-11-08,0.39402602877413384
2024-11-11,0.40265702467782644
2024-11-12,0.39586344106752663
2024-11-13,0.39595987613498956
2024-11-14,0.36594824708800666
2024-11-15,0.3692529920681329
2024-11-18,0.3647599493853054
2024-11-19,0.3409109875175751
2024-11-20,0.34076936352163273
2024-11-21,0.3272923498665869
2024-11-22,0.32993526802559925
2024-11-25,0.3351354468545684
2024-11-26,0.31337276458734764
2024-11-27,0.31338002979909596
2024-11-28,0.31320465565020844
2024-11-29,0.3084806393203991
2024-12-02,0.30738351140837206
2024-12-03,0.30835165219915667
2024-12-04,0.3098705488708888
2024-12-05,0.30928336206870805
2024-12-06,0.3032179996351169
2024-12-09,0.25013054738559315
2024-12-10,0.24974100219590334
2024-12-11,0.2486447326004679
2024-12-12,0.24758343793145207
2024-12-13,0.2510780363178741
2024-12-16,0.23936036724977655
2024-12-17,0.2400439286291439
2024-12-18,0.23929381843733258
2024-12-19,0.2380287888408601
2024-12-20,0.22860612699370414
2024-12-23,0.21392335699257456
2024-12-24,0.21703268852124574
2024-12-25,0.21661135689117883
2024-12-26,0.21687005636795495
2024-12-27,0.20976124856341238
2024-12-30,0.18921910769176156
2024-12-31,0.18938693919471122
2025-01-02,0.1939344479660741
2025-01-03,0.18728339491966786
2025-01-06,0.184300062174681
2025-01-07,0.16377809574208155
2025-01-08,0.16786302874751483
2025-01-09,0.1695677157093329
2025-01-10,0.1974818585795938
2025-01-13,0.2007245886965551
2025-01-14,0.1993502871853531
2025-01-15,0.20076571437081714
2025-01-16,0.19410791580708228
2025-01-17,0.19529073336678762
2025-01-20,0.18869563172106724
2025-01-21,0.19742018722506488
2025-01-22,0.19830652448914204
2025-01-23,0.19577915969930612
2025-01-24,0.19547346637962532
2025-01-27,0.20044345556228405
2025-01-28,0.19892165634307438
2025-01-29,0.19999978216365846
2025-01-30,0.2000756107646402
2025-01-31,0.19865564600484217
2025-02-03,0.20178778146592466
2025-02-04,0.20111672771617803
2025-02-05,0.20832832289134237
2025-02-06,0.20879636989220884
2025-02-07,0.2087020059760437
2025-02-10,0.21082472859898801
2025-02-11,0.2146690304571411
2025-02-12,0.2262942964732833
2025-02-13,0.22058507709545175
2025-02-14,0.2194841413033812
2025-02-17,0.21940478568944347
2025-02-18,0.2218667812643982
2025-02-19,0.21948688166829902
2025-02-20,0.21816947733546405
2025-02-21,0.20176240441512358
2025-02-24,0.19572168251728075
2025-02-25,0.20264261948259746
2025-02-26,0.18274798922206525
2025-02-27,0.19567333059273015
2025-02-28,0.19706538593262918
2025-03-03,0.2036171548657556
2025-03-04,0.19929181276517452
2025-03-05,0.20830816121002527
2025-03-06,0.20865941506663058
2025-03-07,0.21354256226425358
2025-03-10,0.2120647735298086
2025-03-11,0.2116369172810314
2025-03-12,0.22068796067503837
2025-03-13,0.22282049232307063
2025-03-14,0.22600317004236636
2025-03-17,0.22644764091551547
2025-03-18,0.2263362415962316
2025-03-19,0.21997380155620416
2025-03-20,0.22649015572782422
2025-03-21,0.22600371797433863
2025-03-24,0.22334836237934896
2025-03-25,0.2181596998050679
2025-03-26,0.2106236446695007
2025-03-27,0.210847479664043
2025-03-28,0.21113532839090424
2025-03-31,0.2158594886608495
2025-04-01,0.211527651534656
2025-04-02,0.21223281264645513
2025-04-03,0.28043431961904713
2025-04-04,0.3269479860024313
2025-04-07,0.3294331685596323
2025-04-08,0.3285470040880911
2025-04-09,0.355694789707438
2025-04-10,0.35825253690705255
2025-04-11,0.36633629667530226
2025-04-14,0.3628491551354404
2025-04-15,0.3625326672929377
2025-04-16,0.36154135813533855
2025-04-17,0.3742701953436157
2025-04-21,0.37860235766637246
2025-04-22,0.3804215698608896
2025-04-23,0.38404963298268724
2025-04-24,0.37948767845810355
2025-04-25,0.3778366282582586
2025-04-28,0.3783776907031317
2025-04-29,0.38282347516471626
2025-04-30,0.3849767920394017
2025-05-01,0.386058202046767
2025-05-02,0.3815907653372911
2025-05-05,0.38254107194889075
2025-05-06,0.39482142077732374
2025-05-07,0.39586657511440365
2025-05-08,0.4052788442940337
2025-05-09,0.4096651365839509
2025-05-12,0.4141380124171433
2025-05-13,0.419469012670901
2025-05-14,0.4196824752985536
2025-05-15,0.4224967842054102
2025-05-16,0.3857974291967957
2025-05-19,0.33647853663292093
2025-05-20,0.3306295061340198
2025-05-21,0.3246974115199371
2025-05-22,0.3011741724733025
2025-05-23,0.2853017848373696
2025-05-26,0.2778060208287813
2025-05-27,0.27950174881670187
2025-05-28,0.28180965213031406
2025-05-29,0.27850803822674447
2025-05-30,0.2606740011242038
2025-06-02,0.2539285151249686
2025-06-03,0.25253486910967277
2025-06-04,0.2484553560571318
2025-06-05,0.24868932761422596
2025-06-06,0.25358693962183454
2025-06-09,0.2506636396471102
2025-06-10,0.2393427571364828
2025-06-11,0.2614109379507912
2025-06-12,0.25666708884235223
2025-06-13,0.3155411420308879
2025-06-16,0.3132120796525549
2025-06-17,0.3234465886132997
2025-06-18,0.31583769203869355
2025-06-19,0.3105633673548449
2025-06-20,0.3091414188222084
2025-06-23,0.38159040697725033
2025-06-24,0.41827534073013967
2025-06-25,0.41797620938069097
2025-06-26,0.41136088392311343
2025-06-27,0.40987268103342
2025-06-30,0.4100220454698749
2025-07-01,0.4106721733966472
2025-07-02,0.4180370296124168
2025-07-03,0.4175591980520773
2025-07-04,0.4184502313496767
2025-07-07,0.42119972404682715
2025-07-08,0.4195358564536886
2025-07-09,0.4186726697801239
2025-07-10,0.42293280223362556
2025-07-11,0.42736866881873325
2025-07-14,0.4304994698924801
2025-07-15,0.4296463992286281
2025-07-16,0.4279593366242861
2025-07-17,0.42922722052511997
2025-07-18,0.42718852685942443
2025-07-21,0.426757509369948
2025-07-22,0.4276789130413396
2025-07-23,0.4085727473466105
2025-07-24,0.4092301413512786
2025-07-25,0.3522226056752698
2025-07-28,0.35835079102804873
2025-07-29,0.34958968823156694
2025-07-30,0.35095186133875766
2025-07-31,0.3517645857051951
2025-08-01,0.3678821005741142
2025-08-04,0.3068290451147377
2025-08-05,0.25436286918611295
2025-08-06,0.25539016319068747
2025-08-07,0.25608256845901084
2025-08-08,0.2562052715106216
2025-08-11,0.2561580829805942
2025-08-12,0.2562209232646132
2025-08-13,0.24035090171980253
2025-08-14,0.2470559156948343
2025-08-15,0.2496814553618888
2025-08-18,0.24537437460818204
2025-08-19,0.24559285344013798
2025-08-20,0.25099475043716835
2025-08-21,0.2462929236520952
2025-08-22,0.2342882785607799
2025-08-25,0.23471087752119632
2025-08-26,0.24314921124166547
2025-08-27,0.24591836524972863
2025-08-28,0.24333358978344247
2025-08-29,0.2440151971197907
2025-09-01,0.24401254638504125
2025-09-02,0.24657580580826213
2025-09-03,0.25516729764503404
2025-09-04,0.25451853291563303
2025-09-05,0.2604910653634742
2025-09-08,0.25145091059183955
2025-09-09,0.2269067387990765
2025-09-10,0.23086699977265468
2025-09-11,0.23355545608459508
2025-09-12,0.20861646103889528
2025-09-15,0.2067306507070456
2025-09-16,0.20610597147763784
2025-09-17,0.204644408968758
2025-09-18,0.20485207497635188
2025-09-19,0.20761048853182162
2025-09-22,0.20766839450257293
2025-09-23,0.21127613121127248
2025-09-24,0.22079655142279217
2025-09-25,0.2151685272772992
2025-09-26,0.21102160208611048
2025-09-29,0.22963891187462634
2025-09-30,0.23058594644075966
2025-10-01,0.23744351130742036
2025-10-02,0.2398584315750248
2025-10-03,0.24094638222987574
2025-10-06,0.24020362391475655
2025-10-07,0.23146037569067401
2025-10-08,0.23139929921623942
2025-10-09,0.23354254579250913
2025-10-10,0.25616023373288754
2025-10-13,0.2584355815688891
2025-10-14,0.255485467039039
2025-10-15,0.24949706854875311
2025-10-16,0.25088501815404785
2025-10-17,0.24476769146724633
2025-10-20,0.24298956603623767
2025-10-21,0.24284235634873078
2025-10-22,0.24595022173885894
2025-10-23,0.29194589163577844
2025-10-24,0.2905933994503863
2025-10-27,0.2900772550622823
2025-10-28,0.29042615453438336
2025-10-29,0.2912962110476956
2025-10-30,0.2907941024381057
2025-10-31,0.28922717810848153
2025-11-03,0.28927865571699957
2025-11-04,0.2854305741901506
2025-11-05,0.27649229102634104
2025-11-06,0.27619276861376374
2025-11-07,0.27419391155553197
2025-11-10,0.2625767296538717
2025-11-11,0.26556953858505056
2025-11-12,0.27783640050798364
2025-11-13,0.2731411613134903
2025-11-14,0.28008725277632174
2025-11-17,0.27679475414709553
2025-11-18,0.27871166346045306
2025-11-19,0.28267799365959295
2025-11-20,0.2794357712171253
2025-11-21,0.2589230742031158
2025-11-24,0.26023694321950197
2025-11-25,0.25992484015756107
2025-11-26,0.2604547441075574
2025-11-27,0.2568228974260107
2025-11-28,0.25671093556250163
2025-12-01,0.25619233260435087
2025-12-02,0.258512018077971
2025-12-03,0.25168070812652055
2025-12-04,0.1949732655039827
2025-12-05,0.19674127517817133
2025-12-08,0.2038636787039366
2025-12-09,0.19865908687150813
2025-12-10,0.19743646610925772
2025-12-11,0.20113644053154886
2025-12-12,0.20094853592512918
2025-12-15,0.20201067520725902
2025-12-16,0.21416831474489087
2025-12-17,0.2160894135115381
2025-12-18,0.21645160799106805
2025-12-19,0.21897231671804518
2025-12-22,0.23253465589686934
2025-12-23,0.22689976922664978
2025-12-24,0.199277630323504
2025-12-26,0.21188089014465636
2025-12-29,0.2114459092026327
2025-12-30,0.21139467074190355
2025-12-31,0.21332206480194593
2026-01-02,0.20539777998180458
2026-01-05,0.21191193274595418
2026-01-06,0.21435879465884528
2026-01-07,0.21260448844894966
2026-01-08,0.2329024040305504
2026-01-09,0.23962081423034426
2026-01-12,0.24077828445493168
2026-01-13,0.251083232526905
2026-01-14,0.2546066578860692
2026-01-15,0.2817079000254301
2026-01-16,0.281973644786097
2026-01-19,0.2808272913462327
2026-01-20,0.28214706756063496
2026-01-21,0.2755375831250276
2026-01-22,0.2798588774593188
2026-01-23,0.29063762515070524
2026-01-26,0.2868519746427512
2026-01-27,0.29740361292107986
2026-01-28,0.2959485073025132
2026-01-29,0.29252825479692784
2026-01-30,0.29242457555995005
2026-02-02,0.3525580657830104
2026-02-03,0.35364371363604263
2026-02-04,0.3568254096769627
2026-02-05,0.3682839492281893
2026-02-06,0.3681695816216014
2026-02-09,0.35903751909825643
2026-02-10,0.3561239369335967
2026-02-11,0.3561890119163204
2026-02-12,0.36237541607824914
2026-02-13,0.36202038336095044
2026-02-16,0.3601424358903803
2026-02-17,0.35579666477982036
2026-02-18,0.37038651290967906
2026-02-19,0.3628446968362476
2026-02-20,0.35949662782813024
2026-02-23,0.3600576436894245
2026-02-24,0.356599618640817
2026-02-25,0.354417660127033
2026-02-26,0.32949848167357076
2026-02-27,0.33492940628112927
2026-03-02,0.38857133471836247
2026-03-03,0.40560772563464137
2026-03-04,0.4061708417618422
2026-03-05,0.4157786347912884
2026-03-06,0.4671341587288029
2026-03-09,0.4913830520295191
2026-03-10,0.6111948795237393
2026-03-11,0.6210905880468243
2026-03-12,0.6617238560413846
2026-03-13,0.6617695345731216
2026-03-16,0.6349755588309118
2026-03-17,0.636974600746216
2026-03-18,0.6387571892494627
2026-03-19,0.6258389180785963
2026-03-20,0.6268341382120632
2026-03-23,0.7266474764191108
2026-03-24,0.7306044635975567
2026-03-25,0.7381932396077798
2026-03-26,0.7375270608584095
2026-03-27,0.7399548406148447
2026-03-30,0.7395770651694847
2026-03-31,0.7415830027044502
2026-04-01,0.8787341490551687
2026-04-02,0.8981245122722871
2026-04-03,0.8983266554645122
2026-04-06,0.8968649803129717
2026-04-07,0.8956131723395127
2026-04-08,0.9940021865987437
2026-04-09,0.9932227248449019
2026-04-10,0.9941085296561366
2026-04-13,0.9820451494288073
2026-04-14,0.9886553827055401
2026-04-15,0.9885731932535041
2026-04-16,0.9877494806199746
2026-04-17,0.9982087777673995
2026-04-20,0.9922280903056618
2026-04-21,0.9352018642373018
2026-04-22,0.9309361085182902
2026-04-23,0.8975198194143624
2026-04-24,0.8947370662801263
2026-04-27,0.8927325009668314
2026-04-28,0.8917141664112317
2026-04-29,0.901584177017506
2026-04-30,0.908259156604188
2026-05-01,0.917189104698875
2026-05-04,0.8702637097360816
2026-05-05,0.8718197156411375
2026-05-06,0.9007914423868132
2026-05-07,0.8859954817753463
2026-05-08,0.8775231780953417
2026-05-11,0.8820155723426557
2026-05-12,0.8755260131912972
2026-05-13,0.7652046306652184
2026-05-14,0.7312401011462678
2026-05-15,0.7376382341843253
2026-05-18,0.7410060305749265
2026-05-19,0.7412545529913556
2026-05-20,0.6477310942931798
2026-05-21,0.6520619140989987
2026-05-22,0.6515173033436191
2026-05-25,0.6403790602020035
2026-05-26,0.6356913231921232
2026-05-27,0.6557824958892708
2026-05-28,0.6410501691106354
2026-05-29,0.5849702795094363
2026-06-01,0.5689404860278977
2026-06-02,0.564201203673765
2026-06-03,0.5544854004916584
