,Oil,EQNR,DNB,NHY,NOKUSD
2016-06-05,49.63999938964844,77.85820770263672,59.662742614746094,20.41353988647461,0.12003793567419052
2016-06-12,50.540000915527344,80.7550048828125,58.07927322387695,19.991405487060547,0.12264220416545868
2016-06-19,49.16999816894531,80.10469055175781,57.45720291137695,19.75828742980957,0.11957674473524094
2016-06-26,48.40999984741211,81.93731689453125,56.835113525390625,19.399160385131836,0.12164030224084854
2016-07-03,49.84000015258789,86.31207275390625,56.778564453125,19.9031982421875,0.11973050981760025
2016-07-10,46.7599983215332,86.37118530273438,56.184776306152344,19.46216583251953,0.11766339093446732
2016-07-17,47.61000061035156,88.55856323242188,53.07438659667969,21.075084686279297,0.11935408413410187
2016-07-24,45.689998626708984,85.6617660522461,53.5833625793457,21.994953155517578,0.11795402318239212
2016-07-31,42.459999084472656,78.50852966308594,52.508872985839844,22.700605392456055,0.11691722273826599
2016-08-07,44.27000045776367,79.69090270996094,53.357154846191406,22.744712829589844,0.11878205090761185
2016-08-14,46.970001220703125,80.04966735839844,54.45992660522461,22.99043083190918,0.12139885127544403
2016-08-21,50.880001068115234,80.58892059326172,53.470252990722656,23.053438186645508,0.12265574932098389
2016-08-28,49.91999816894531,79.51039123535156,55.47785949707031,22.914827346801758,0.12165568023920059
2016-09-04,46.83000183105469,79.09097290039062,57.45720291137695,22.33518409729004,0.12008175998926163
2016-09-11,48.0099983215332,78.25215911865234,59.0406608581543,20.949073791503906,0.12220723927021027
2016-09-18,45.77000045776367,74.95667266845703,57.06132888793945,20.76006317138672,0.12145990878343582
2016-09-25,45.88999938964844,76.8141098022461,59.15376281738281,22.27217674255371,0.12302862107753754
2016-10-02,49.060001373291016,80.22941589355469,59.21031188964844,21.705135345458984,0.12422359734773636
2016-10-09,51.93000030517578,82.08686828613281,62.999324798583984,21.957151412963867,0.12406132370233536
2016-10-16,51.95000076293945,83.16536712646484,63.564857482910156,22.209169387817383,0.12254420667886734
2016-10-23,51.779998779296875,81.96701049804688,66.05314636230469,22.032758712768555,0.1222015842795372
2016-10-30,49.709999084472656,82.86578369140625,67.52352142333984,23.084936141967773,0.12092965841293335
2016-11-06,45.58000183105469,80.16387176513672,66.05314636230469,23.00933074951172,0.12209521234035492
2016-11-13,45.84000015258789,82.95745086669922,69.27664184570312,24.84906768798828,0.1195257231593132
2016-11-20,46.86000061035156,84.47572326660156,69.6725082397461,24.42694091796875,0.1169794574379921
2016-11-27,47.2400016784668,88.11955261230469,70.01182556152344,25.63663101196289,0.11639953404664993
2016-12-04,54.459999084472656,90.79166412353516,71.2559814453125,24.943578720092773,0.11892712861299515
2016-12-11,54.33000183105469,93.46377563476562,76.7981185913086,26.688810348510742,0.11867886781692505
2016-12-18,55.209999084472656,95.9537353515625,74.19669342041016,26.16586685180664,0.11549610644578934
2016-12-25,55.15999984741211,95.832275390625,73.0656509399414,25.724836349487305,0.11479369550943375
2017-01-01,56.130001068115234,96.19664764404297,72.61322021484375,26.020959854125977,0.116432324051857
2017-01-08,57.099998474121094,97.35050201416016,76.06291961669922,26.083959579467773,0.1179271712899208
2017-01-15,55.45000076293945,98.80805969238281,76.23257446289062,27.25585174560547,0.1173352301120758
2017-01-22,55.4900016784668,97.10762023925781,76.7981185913086,28.345836639404297,0.1184222400188446
2017-01-29,55.52000045776367,96.01445770263672,78.94709777832031,30.998336791992188,0.11993859708309174
2017-02-05,56.810001373291016,93.88890075683594,80.247802734375,30.147768020629883,0.12122490257024765
2017-02-12,56.70000076293945,91.45967864990234,79.56917572021484,30.431291580200195,0.12001343816518784
2017-02-19,55.810001373291016,89.33414459228516,79.39950561523438,30.65180778503418,0.12072920799255371
2017-02-26,55.9900016784668,90.43150329589844,78.26846313476562,29.297204971313477,0.11996448785066605
2017-03-05,55.900001525878906,91.1692123413086,78.49468994140625,30.702205657958984,0.11790269613265991
2017-03-12,51.369998931884766,90.92328643798828,79.28641510009766,32.13241958618164,0.11643083393573761
2017-03-19,51.7599983215332,91.84544372558594,78.49468994140625,33.51852035522461,0.11764290183782578
2017-03-26,50.79999923706055,88.52572631835938,78.1553726196289,32.06941604614258,0.1178254559636116
2017-04-02,52.83000183105469,90.18555450439453,76.9677734375,31.414169311523438,0.11681574583053589
2017-04-09,55.2400016784668,91.66102600097656,76.7981185913086,31.56537437438965,0.11599595844745636
2017-04-16,55.88999938964844,91.84544372558594,77.30708312988281,31.880401611328125,0.11658680438995361
2017-04-23,51.959999084472656,86.9273452758789,75.72360229492188,31.817394256591797,0.11597173660993576
2017-04-30,51.72999954223633,87.11176300048828,79.08931732177734,30.872323989868164,0.1167420968413353
2017-05-07,49.099998474121094,90.12413024902344,83.92549896240234,30.262296676635742,0.11522914469242096
2017-05-14,50.84000015258789,93.60946655273438,86.69743347167969,30.889659881591797,0.11628475040197372
2017-05-21,53.61000061035156,95.3521728515625,86.04869079589844,30.928466796875,0.11800384521484375
2017-05-28,52.150001525878906,93.17378234863281,85.87174987792969,30.708566665649414,0.11909298598766327
2017-06-04,49.95000076293945,91.0575942993164,83.98446655273438,29.32447624206543,0.11831295490264893
2017-06-11,48.150001525878906,91.1821060180664,84.81016540527344,30.055330276489258,0.11745581775903702
2017-06-18,47.369998931884766,89.37711334228516,84.45629119873047,28.444869995117188,0.11764153093099594
2017-06-25,45.540000915527344,87.07420349121094,80.15090942382812,29.201597213745117,0.11780644953250885
2017-07-02,47.91999816894531,86.14060974121094,83.74855041503906,29.932443618774414,0.11940155923366547
2017-07-09,46.709999084472656,84.64684295654297,84.0434341430664,31.504085540771484,0.11974039673805237
2017-07-16,48.90999984741211,87.75887298583984,88.11290740966797,33.728973388671875,0.12118861079216003
2017-07-23,48.060001373291016,86.63853454589844,89.94122314453125,33.6642951965332,0.12432398647069931
2017-07-30,52.52000045776367,91.92897033691406,90.8259048461914,33.14688491821289,0.12584394216537476
2017-08-06,52.41999816894531,93.17378234863281,90.23612213134766,31.937427520751953,0.12666726112365723
2017-08-13,52.099998474121094,91.62617492675781,88.28984832763672,32.855838775634766,0.12579090893268585
2017-08-20,52.720001220703125,90.99641418457031,87.1692886352539,33.30857849121094,0.12536512315273285
2017-08-27,52.40999984741211,91.94100952148438,87.87700653076172,35.34589385986328,0.1275101900100708
2017-09-03,52.31999969482422,93.0115737915039,89.2924575805664,36.80112838745117,0.12895788252353668
2017-09-10,53.779998779296875,92.8856201171875,87.70006561279297,36.86579895019531,0.12938284873962402
2017-09-17,55.619998931884766,96.28617095947266,89.35145568847656,37.18918228149414,0.12702025473117828
2017-09-24,56.86000061035156,98.11241912841797,94.2466049194336,37.38321304321289,0.12826383113861084
2017-10-01,57.540000915527344,100.31645202636719,94.65946197509766,37.44789123535156,0.12593983113765717
2017-10-08,55.619998931884766,99.87566375732422,93.95172882080078,39.032474517822266,0.1249266117811203
2017-10-15,57.16999816894531,100.94621276855469,92.71319580078125,39.808597564697266,0.126511812210083
2017-10-22,57.75,102.70948791503906,94.01069641113281,39.00014114379883,0.12614953517913818
2017-10-29,60.439998626708984,103.02433013916016,92.71319580078125,41.166812896728516,0.12219934910535812
2017-11-05,62.06999969482422,105.30084228515625,93.65682983398438,41.3931770324707,0.12297552078962326
2017-11-12,63.52000045776367,107.72005462646484,93.06706237792969,39.452877044677734,0.12303981930017471
2017-11-19,62.720001220703125,104.40950775146484,89.82328033447266,38.6120719909668,0.12185105681419373
2017-11-26,63.86000061035156,105.68282318115234,89.35145568847656,39.905616760253906,0.12296342104673386
2017-12-03,63.4900016784668,106.89241790771484,88.87964630126953,36.38072204589844,0.12020429968833923
2017-12-10,63.400001525878906,106.19209289550781,89.82328033447266,34.73146438598633,0.12025315314531326
2017-12-17,63.22999954223633,107.84735107421875,90.0002212524414,36.704105377197266,0.12053100764751434
2017-12-24,65.25,111.41255187988281,89.23351287841797,39.58222579956055,0.11948385834693909
2017-12-31,66.5999984741211,111.53985595703125,89.705322265625,40.32600784301758,0.121235191822052
2018-01-07,67.62000274658203,116.06009674072266,91.85800170898438,39.142425537109375,0.12397825717926025
2018-01-14,69.87000274658203,118.35198974609375,93.09656524658203,39.93148422241211,0.12489134818315506
2018-01-21,68.61000061035156,115.83724212646484,94.7479248046875,39.323516845703125,0.12750060856342316
2018-01-28,70.5199966430664,117.9699935913086,92.5952377319336,37.13744354248047,0.12909889221191406
2018-02-04,68.58000183105469,113.48164367675781,93.33246612548828,35.83097457885742,0.13087548315525055
2018-02-11,62.790000915527344,110.97327423095703,90.4720230102539,35.45584487915039,0.1263570785522461
2018-02-18,64.83999633789062,112.8051528930664,93.00808715820312,37.27973175048828,0.12877951562404633
2018-02-25,67.30999755859375,116.30821990966797,91.7105712890625,36.32251739501953,0.1273401975631714
2018-03-04,64.37000274658203,112.41952514648438,89.38095092773438,33.74837875366211,0.12755200266838074
2018-03-11,65.48999786376953,114.60491943359375,91.7105712890625,33.670772552490234,0.12755753099918365
2018-03-18,66.20999908447266,114.76559448242188,93.59786224365234,31.381206512451172,0.12965628504753113
2018-03-25,70.44999694824219,116.82243347167969,89.5578842163086,30.25582504272461,0.12920580804347992
2018-04-01,70.2699966430664,118.68640899658203,89.73479461669922,29.719011306762695,0.12757542729377747
2018-04-08,67.11000061035156,122.70372009277344,89.35145568847656,29.49263572692871,0.12766483426094055
2018-04-15,72.58000183105469,127.84587097167969,88.02444458007812,33.2827033996582,0.12878035008907318
2018-04-22,74.05999755859375,127.7172622680664,88.053955078125,34.433956146240234,0.1283499300479889
2018-04-29,74.63999938964844,132.21664428710938,92.6649169921875,32.66180419921875,0.12522226572036743
2018-05-06,74.87000274658203,132.40948486328125,94.15001678466797,32.881710052490234,0.12429463118314743
2018-05-13,77.12000274658203,139.28704833984375,96.7799072265625,32.43084716796875,0.1250198483467102
2018-05-20,78.51000213623047,143.3857421875,95.60420989990234,34.3811149597168,0.12299775332212448
2018-05-27,76.44000244140625,133.20872497558594,95.10916900634766,33.11444091796875,0.12348346412181854
2018-06-03,77.58999633789062,139.95018005371094,92.6649169921875,34.836849212646484,0.12228766083717346
2018-06-10,76.45999908447266,140.46875,95.48043823242188,36.00299835205078,0.12405391037464142
2018-06-17,73.44000244140625,140.14463806152344,98.326904296875,36.257667541503906,0.12293771654367447
2018-06-24,75.55000305175781,138.9130401611328,97.4605941772461,34.287288665771484,0.12309510260820389
2018-07-01,79.44000244140625,140.27427673339844,98.5744400024414,32.69892120361328,0.12209311872720718
2018-07-08,77.11000061035156,140.46875,97.70811462402344,31.593097686767578,0.12405717372894287
2018-07-15,75.33000183105469,141.44105529785156,96.09925079345703,31.35182762145996,0.12331216782331467
2018-07-22,73.06999969482422,137.94070434570312,98.23408508300781,30.426958084106445,0.12161026895046234
2018-07-29,74.29000091552734,138.1999969482422,101.17339324951172,31.499265670776367,0.12215948849916458
2018-08-05,73.20999908447266,139.88536071777344,101.51372528076172,30.869281768798828,0.12138441950082779
2018-08-12,72.80999755859375,139.3667755126953,103.30824279785156,31.459056854248047,0.1202034279704094
2018-08-19,71.83000183105469,137.5517578125,102.72038269042969,29.944412231445312,0.1179412230849266
2018-08-26,75.81999969482422,140.82020568847656,105.87623596191406,31.37193489074707,0.11923854053020477
2018-09-02,77.41999816894531,140.68939208984375,105.69060516357422,31.036836624145508,0.11980754137039185
2018-09-09,76.83000183105469,136.8958282470703,104.97898864746094,30.943010330200195,0.11874792724847794
2018-09-16,78.08999633789062,141.7359619140625,105.22650909423828,30.413549423217773,0.12173151224851608
2018-09-23,78.80000305175781,141.7359619140625,106.24752044677734,32.57158279418945,0.12276867777109146
2018-09-30,82.72000122070312,150.1079559326172,105.96907806396484,32.74583435058594,0.12261514365673065
2018-10-07,84.16000366210938,149.32305908203125,103.3701171875,29.374746322631836,0.12129048258066177
2018-10-14,80.43000030517578,144.5483856201172,99.87390899658203,28.717947006225586,0.12175492942333221
2018-10-21,79.77999877929688,145.92193603515625,101.11149597167969,28.289020538330078,0.12088827788829803
2018-10-28,77.62000274658203,138.85801696777344,93.77876281738281,28.128177642822266,0.11984055489301682
2018-11-04,72.83000183105469,138.20396423339844,96.16112518310547,30.413549423217773,0.11968307942152023
2018-11-11,70.18000030517578,136.17636108398438,96.96556854248047,28.402963638305664,0.1193397119641304
2018-11-18,66.76000213623047,136.50340270996094,93.43841552734375,28.650928497314453,0.11784684658050537
2018-11-25,58.79999923706055,128.13829040527344,89.57093048095703,27.5115909576416,0.11724565923213959
2018-12-02,58.709999084472656,132.43162536621094,91.27262115478516,27.142990112304688,0.1172320544719696
2018-12-09,61.66999816894531,132.49766540527344,91.73670959472656,26.901718139648438,0.1174163743853569
2018-12-16,60.279998779296875,128.3695068359375,90.03501892089844,26.747573852539062,0.11693717539310455
2018-12-23,53.81999969482422,121.10391235351562,85.70345306396484,26.49959945678711,0.11533014476299286
2018-12-30,52.20000076293945,121.36815643310547,85.48686981201172,26.27843475341797,0.1141294538974762
2019-01-06,57.060001373291016,126.65216064453125,91.36543273925781,25.936630249023438,0.11506619304418564
2019-01-13,60.47999954223633,126.38801574707031,92.63397979736328,26.955333709716797,0.11802752315998077
2019-01-20,62.70000076293945,127.84110260009766,96.16112518310547,27.243518829345703,0.11701668798923492
2019-01-27,61.63999938964844,125.3641586303711,93.99533081054688,26.573320388793945,0.11658544093370438
2019-02-03,61.869998931884766,127.74199676513672,93.37653350830078,26.24492073059082,0.1186225488781929
2019-02-10,62.099998474121094,127.4778060913086,95.72796630859375,22.914045333862305,0.11636296659708023
2019-02-17,66.25,132.29949951171875,100.74021911621094,23.24243927001953,0.11562297493219376
2019-02-24,67.12000274658203,130.99072265625,99.81202697753906,23.584239959716797,0.11595278233289719
2019-03-03,65.06999969482422,127.82182312011719,101.45184326171875,23.403289794921875,0.11684563755989075
2019-03-10,65.73999786376953,126.3541488647461,97.70811462402344,22.538734436035156,0.11397179961204529
2019-03-17,67.16000366210938,128.38888549804688,101.11149597167969,23.544031143188477,0.11671553552150726
2019-03-24,67.02999877929688,129.08938598632812,100.58553314208984,23.389881134033203,0.11837821453809738
2019-03-31,68.38999938964844,125.98723602294922,98.2650375366211,23.42339324951172,0.11582385748624802
2019-04-07,70.33999633789062,128.35556030273438,101.63749694824219,24.978252410888672,0.11633723229169846
2019-04-14,71.55000305175781,131.42433166503906,102.59661865234375,25.03186798095703,0.11722353100776672
2019-04-21,71.97000122070312,129.75650024414062,103.52481842041016,25.950037002563477,0.1175115779042244
2019-04-28,72.1500015258789,129.65646362304688,104.39112091064453,25.742277145385742,0.11538204550743103
2019-05-05,70.8499984741211,127.68841552734375,103.28529357910156,24.234333038330078,0.11421757191419601
2019-05-12,70.62000274658203,122.08453369140625,100.45240783691406,22.983959197998047,0.1138589084148407
2019-05-19,72.20999908447266,124.30085754394531,101.55951690673828,23.359373092651367,0.11424653977155685
2019-05-26,68.69000244140625,116.5320053100586,100.12680053710938,22.525114059448242,0.11432098597288132
2019-06-02,64.48999786376953,113.28937530517578,96.6427001953125,21.287622451782227,0.11395297199487686
2019-06-09,63.290000915527344,115.24849700927734,99.5732421875,21.961986541748047,0.11502040177583694
2019-06-16,62.0099983215332,114.80935668945312,98.04287719726562,21.496187210083008,0.11528573930263519
2019-06-23,65.19999694824219,116.59957885742188,101.68975830078125,21.503137588500977,0.1169593334197998
2019-06-30,66.55000305175781,113.79603576660156,103.35040283203125,21.204195022583008,0.11753643304109573
2019-07-07,64.2300033569336,114.70803833007812,108.2671890258789,21.64218521118164,0.11726628243923187
2019-07-14,66.72000122070312,116.19422912597656,105.59713745117188,21.38495445251465,0.1170809417963028
2019-07-21,62.470001220703125,109.50634765625,102.43866729736328,21.17638397216797,0.11698903888463974
2019-07-28,63.459999084472656,108.18899536132812,104.1969985961914,22.518159866333008,0.1152937114238739
2019-08-04,61.88999938964844,104.70992279052734,101.8851318359375,19.8485164642334,0.11242221295833588
2019-08-11,58.529998779296875,101.16329956054688,98.88947296142578,19.452241897583008,0.11206541210412979
2019-08-18,58.63999938964844,99.5757827758789,94.91694641113281,18.416366577148438,0.11090777069330215
2019-08-25,59.34000015258789,104.1337661743164,93.38656616210938,19.02815818786621,0.1114019975066185
2019-09-01,60.43000030517578,106.94820404052734,95.6658706665039,20.05013084411621,0.1099788174033165
2019-09-08,61.540000915527344,112.19947814941406,97.97774505615234,21.621326446533203,0.11101983487606049
2019-09-15,60.220001220703125,119.78472137451172,103.90394592285156,23.7904109954834,0.11141838133335114
2019-09-22,64.27999877929688,124.07500457763672,107.16010284423828,23.05348014831543,0.11145786941051483
2019-09-29,61.90999984741211,119.68177032470703,103.83882904052734,22.73367691040039,0.11013700813055038
2019-10-06,58.369998931884766,114.87663269042969,98.66153717041016,21.148574829101562,0.10970229655504227
2019-10-13,60.5099983215332,117.24490356445312,104.1644287109375,22.024553298950195,0.10967918485403061
2019-10-20,59.41999816894531,114.63639831542969,104.58775329589844,22.62244415283203,0.10892877727746964
2019-10-27,62.02000045776367,120.33390045166016,109.21148681640625,22.775390625,0.10938285291194916
2019-11-03,61.689998626708984,119.13261413574219,109.27659606933594,23.366329193115234,0.10880564898252487
2019-11-10,62.5099983215332,122.59915161132812,110.05809020996094,24.701148986816406,0.10982856154441833
2019-11-17,63.29999923706055,121.84404754638672,105.27152252197266,23.60270118713379,0.10909765958786011
2019-11-24,63.38999938964844,122.45288848876953,109.34171295166016,22.9144344329834,0.10940320789813995
2019-12-01,62.43000030517578,118.13916778564453,100.81060028076172,22.664154052734375,0.1091238409280777
2019-12-08,64.38999938964844,118.27835083007812,101.20133209228516,21.74646759033203,0.10943912714719772
2019-12-15,65.22000122070312,118.13916778564453,102.60147857666016,22.73367691040039,0.11063819378614426
2019-12-22,66.13999938964844,121.27008056640625,105.69483184814453,22.601585388183594,0.11156356334686279
2019-12-29,68.16000366210938,122.66156768798828,106.15070343017578,22.65025520324707,0.11262276023626328
2020-01-05,68.5999984741211,125.89684295654297,107.35548400878906,22.705867767333984,0.11375398933887482
2020-01-12,64.9800033569336,126.80133056640625,107.77877807617188,22.615489959716797,0.11264558881521225
2020-01-19,64.8499984741211,126.45346069335938,106.89959716796875,22.205310821533203,0.1125340387225151
2020-01-26,60.689998626708984,125.09672546386719,105.04359436035156,21.17638397216797,0.11120007187128067
2020-02-02,58.15999984741211,116.29541778564453,105.40180206298828,20.168319702148438,0.10881984978914261
2020-02-09,54.470001220703125,111.59907531738281,113.77008819580078,19.257583618164062,0.10847281664609909
2020-02-16,57.31999969482422,111.87736511230469,114.12828063964844,20.51593017578125,0.10809291899204254
2020-02-23,58.5,111.95612335205078,114.45388793945312,20.905250549316406,0.10728796571493149
2020-03-01,50.52000045776367,99.77165985107422,101.52693939208984,18.5345516204834,0.10653132200241089
2020-03-08,45.27000045776367,97.08753967285156,91.13981628417969,17.387439727783203,0.10765908658504486
2020-03-15,33.849998474121094,73.07168579101562,73.49144744873047,14.780365943908691,0.09902245551347733
2020-03-22,26.979999542236328,78.93437194824219,70.52835083007812,16.02480697631836,0.12927713990211487
2020-03-29,24.93000030517578,81.61849975585938,71.37494659423828,15.086261749267578,0.09616558998823166
2020-04-05,34.11000061035156,96.13391876220703,73.23094940185547,14.335427284240723,0.09633827954530716
2020-04-12,31.479999542236328,95.92205047607422,72.93790435791016,15.086261749267578,0.09829845279455185
2020-04-19,28.079999923706055,91.50735473632812,73.62169647216797,15.482538223266602,0.09651652723550797
2020-04-26,21.440000534057617,93.94425964355469,71.27725982666016,15.642438888549805,0.0940379947423935
2020-05-03,26.440000534057617,101.3255844116211,80.88291931152344,18.19389533996582,0.09760134667158127
2020-05-10,30.969999313354492,99.41847229003906,76.91040802001953,16.754791259765625,0.09772706031799316
2020-05-17,32.5,100.33921813964844,74.24036407470703,15.851004600524902,0.09858626872301102
2020-05-24,35.130001068115234,105.27689361572266,77.5616455078125,16.268136978149414,0.10058136284351349
2020-05-31,35.33000183105469,101.74481964111328,86.0927734375,17.15802001953125,0.10229132324457169
2020-06-07,42.29999923706055,110.43081665039062,93.35399627685547,19.424434661865234,0.10698104649782181
2020-06-14,38.72999954223633,103.8352279663086,87.72084045410156,18.715307235717773,0.10380443185567856
2020-06-21,42.189998626708984,102.10523986816406,85.21360778808594,18.63188362121582,0.10498423129320145
2020-06-28,41.02000045776367,100.30319213867188,83.35760498046875,18.263416290283203,0.10357820987701416
2020-07-05,43.13999938964844,99.11381530761719,84.7903060913086,18.15218162536621,0.10497695952653885
2020-07-12,43.2400016784668,99.43818664550781,84.39957427978516,19.014253616333008,0.10565686970949173
2020-07-19,43.13999938964844,101.74481964111328,95.43795776367188,19.813753128051758,0.10756122320890427
2020-07-26,43.34000015258789,104.15961456298828,94.1029052734375,18.590167999267578,0.10852107405662537
2020-08-02,43.29999923706055,96.80716705322266,90.22809600830078,17.6585750579834,0.11049845814704895
2020-08-09,44.400001525878906,103.36668395996094,91.953857421875,18.85435676574707,0.11146917194128036
2020-08-16,44.79999923706055,105.58757781982422,94.42852020263672,19.445289611816406,0.1126265674829483
2020-08-23,44.349998474121094,103.3048095703125,92.4748306274414,18.597122192382812,0.11233305186033249
2020-08-30,45.04999923706055,103.44972229003906,93.5819320678711,19.139394760131836,0.11226317286491394
2020-09-06,42.65999984741211,100.55094909667969,89.83735656738281,19.181108474731445,0.11189411580562592
2020-09-13,39.83000183105469,102.47137451171875,89.05587768554688,18.96558952331543,0.11032558977603912
2020-09-20,43.150001525878906,104.68169403076172,87.6557388305664,18.85435676574707,0.11062558740377426
2020-09-27,41.91999816894531,100.40602111816406,82.51100158691406,17.554290771484375,0.10542339831590652
2020-10-04,39.27000045776367,93.66637420654297,83.74833679199219,17.60295867919922,0.10742177069187164
2020-10-11,42.849998474121094,98.44935607910156,87.91621398925781,18.075706481933594,0.10810811072587967
2020-10-18,42.93000030517578,96.99998474121094,87.75341033935547,18.40245819091797,0.10706649720668793
2020-10-25,41.77000045776367,95.40564727783203,91.17237091064453,19.466148376464844,0.10813523083925247
2020-11-01,37.459999084472656,87.86886596679688,83.81346130371094,18.583215713500977,0.1050102561712265
2020-11-08,39.45000076293945,89.78929138183594,87.13473510742188,20.4325008392334,0.10901855677366257
2020-11-15,42.779998779296875,97.94815063476562,97.94517517089844,22.782346725463867,0.1090560182929039
2020-11-22,44.959999084472656,99.9894790649414,102.04794311523438,25.26393699645996,0.11093484610319138
2020-11-29,48.18000030517578,107.06129455566406,106.50886535644531,26.339763641357422,0.11263670772314072
2020-12-06,49.25,108.08196258544922,104.94590759277344,27.783830642700195,0.11422945559024811
2020-12-13,49.970001220703125,108.30066680908203,104.1969985961914,28.700807571411133,0.11410848796367645
2020-12-20,52.2599983215332,106.44158935546875,105.23897552490234,29.134029388427734,0.11674455553293228
2020-12-27,51.290000915527344,104.10862731933594,107.58338165283203,28.556406021118164,0.11670627444982529
2021-01-03,51.79999923706055,105.67609405517578,109.4068603515625,28.78023338317871,0.13072271645069122
2021-01-10,55.9900016784668,113.8050537109375,109.4068603515625,30.318166732788086,0.11867041885852814
2021-01-17,55.099998474121094,120.36649322509766,108.03925323486328,28.99684715270996,0.11811535060405731
2021-01-24,55.40999984741211,118.83547973632812,110.05809020996094,28.440879821777344,0.11895443499088287
2021-01-31,55.880001068115234,112.89372253417969,109.37427520751953,27.523895263671875,0.11630746722221375
2021-02-07,59.34000015258789,113.95085144042969,111.78385162353516,28.643047332763672,0.11585860699415207
2021-02-14,62.43000030517578,110.75871276855469,107.16010284423828,29.617794036865234,0.11804606020450592
2021-02-21,62.90999984741211,111.3822021484375,109.6673355102539,31.7550106048584,0.11815862357616425
2021-02-28,66.12999725341797,119.744140625,115.62519836425781,34.65758514404297,0.1176346018910408
2021-03-07,69.36000061035156,127.40919494628906,121.4870376586914,35.34351348876953,0.11655500531196594
2021-03-14,69.22000122070312,128.2894287109375,126.83464813232422,37.15582275390625,0.11890748143196106
2021-03-21,64.52999877929688,123.15491485595703,128.5486297607422,38.02225112915039,0.11752842366695404
2021-03-28,64.56999969482422,122.97150421142578,124.40078735351562,38.32550811767578,0.11591380834579468
2021-04-04,64.86000061035156,122.71480560302734,124.77787017822266,39.53852462768555,0.11731292307376862
2021-04-11,62.95000076293945,118.75387573242188,124.05799865722656,38.48435974121094,0.11825544387102127
2021-04-18,66.7699966430664,121.4238052368164,127.79446411132812,40.9681510925293,0.11936492472887039
2021-04-25,66.11000061035156,121.0717544555664,123.81804656982422,39.899539947509766,0.11968336254358292
2021-05-02,67.25,124.32847595214844,122.75537872314453,38.38327407836914,0.1222597062587738
2021-05-09,68.27999877929688,130.70997619628906,125.63484954833984,40.65071487426758,0.1204753890633583
2021-05-16,68.70999908447266,131.87660217285156,125.25778198242188,39.82292175292969,0.11970943212509155
2021-05-23,66.44000244140625,132.24545288085938,128.48007202148438,38.27079391479492,0.12042085081338882
2021-05-30,69.62999725341797,134.01580810546875,127.6916275024414,40.044654846191406,0.11981141567230225
2021-06-06,71.88999938964844,140.93490600585938,129.4741973876953,40.82809829711914,0.11939157545566559
2021-06-13,72.69000244140625,140.00546264648438,128.00015258789062,39.98551940917969,0.12089019268751144
2021-06-20,73.51000213623047,128.02609252929688,127.41741180419922,36.7112922668457,0.1171097382903099
2021-06-27,76.18000030517578,136.53854370117188,135.88449096679688,40.82809829711914,0.11762450635433197
2021-07-04,76.16999816894531,136.0369415283203,128.1029815673828,41.3454704284668,0.11592186987400055
2021-07-11,75.55000305175781,131.05043029785156,128.1715545654297,41.685462951660156,0.1138586476445198
2021-07-18,73.58999633789062,127.92283630371094,123.98944091796875,40.94636154174805,0.11333242803812027
2021-07-25,74.0999984741211,127.28843688964844,119.97872924804688,41.50807189941406,0.11299843341112137
2021-08-01,76.33000183105469,127.1999282836914,124.12655639648438,43.44452667236328,0.114568792283535
2021-08-08,70.69999694824219,132.96832275390625,128.65145874023438,43.178443908691406,0.11353443562984467
2021-08-15,70.58999633789062,138.6664581298828,129.50845336914062,46.19399642944336,0.11303522437810898
2021-08-22,65.18000030517578,133.55377197265625,127.07460021972656,41.3306884765625,0.11063452810049057
2021-08-29,72.69999694824219,140.77694702148438,130.2283477783203,44.789695739746094,0.11327336728572845
2021-09-05,72.61000061035156,144.3885040283203,130.2283477783203,45.97226333618164,0.11571436375379562
2021-09-12,72.91999816894531,146.87051391601562,129.6798553466797,49.22431945800781,0.11527151614427567
2021-09-19,75.33999633789062,149.88758850097656,127.3145523071289,48.55912780761719,0.11586787551641464
2021-09-26,78.08999633789062,153.3431396484375,131.63380432128906,47.96784591674805,0.11665575206279755
2021-10-03,79.27999877929688,168.01979064941406,136.70718383789062,48.07132339477539,0.11432112753391266
2021-10-10,82.38999938964844,167.05372619628906,141.2321014404297,47.36178207397461,0.11665480583906174
2021-10-17,84.86000061035156,170.13763427734375,143.08319091796875,51.73727798461914,0.11834613978862762
2021-10-24,85.52999877929688,171.4381561279297,147.4024200439453,48.381744384765625,0.11957288533449173
2021-10-31,84.37999725341797,158.84222412109375,144.00140380859375,45.735748291015625,0.12005868554115295
2021-11-07,82.73999786376953,167.90826416015625,154.61505126953125,45.0557746887207,0.11700176447629929
2021-11-14,82.16999816894531,165.14292907714844,153.2524871826172,48.11566162109375,0.11521467566490173
2021-11-21,78.88999938964844,163.95298767089844,149.59506225585938,46.19399642944336,0.11349578946828842
2021-11-28,72.72000122070312,163.54397583007812,144.50338745117188,44.10972213745117,0.11138933897018433
2021-12-05,69.87999725341797,171.7992401123047,145.29222106933594,44.523616790771484,0.10998836904764175
2021-12-12,75.1500015258789,173.10072326660156,143.3201141357422,46.71137237548828,0.11118029057979584
2021-12-19,73.5199966430664,175.5922088623047,139.0531463623047,48.67738342285156,0.11131109297275543
2021-12-26,76.8499984741211,181.02133178710938,141.59898376464844,52.41725158691406,0.11332587897777557
2022-01-02,77.77999877929688,175.44349670410156,144.86196899414062,51.382503509521484,0.11361531913280487
2022-01-09,81.75,181.46763610839844,150.02536010742188,52.40247344970703,0.11252111941576004
2022-01-16,86.05999755859375,190.24351501464844,154.0413360595703,53.496341705322266,0.11488231271505356
2022-01-23,87.88999938964844,183.810302734375,150.8859100341797,52.69811248779297,0.11319682002067566
2022-01-30,90.02999877929688,184.81434631347656,150.45565795898438,51.589454650878906,0.11190701276063919
2022-02-06,93.2699966430664,193.3671417236328,153.2524871826172,52.668548583984375,0.11471205204725266
2022-02-13,94.44000244140625,204.6982879638672,152.03334045410156,57.339683532714844,0.11331187933683395
2022-02-20,93.54000091552734,199.6748046875,149.8819122314453,57.05881881713867,0.1121705025434494
2022-02-27,97.93000030517578,203.73081970214844,141.993408203125,61.700401306152344,0.11161013692617416
2022-03-06,118.11000061035156,222.1503143310547,132.70645141601562,65.04115295410156,0.11229343712329865
2022-03-13,112.66999816894531,213.331298828125,137.61886596679688,61.96647262573242,0.11203376948833466
2022-03-20,107.93000030517578,223.86204528808594,140.95355224609375,61.53779220581055,0.11386020481586456
2022-03-27,120.6500015258789,241.87217712402344,145.5791015625,66.63761901855469,0.115458644926548
2022-04-03,104.38999938964844,245.40719604492188,144.79025268554688,65.70633697509766,0.1138625293970108
2022-04-10,102.77999877929688,251.32383728027344,142.38783264160156,64.65680694580078,0.11351098865270615
2022-04-17,111.69999694824219,255.1937713623047,141.2045440673828,66.51935577392578,0.11414222419261932
2022-04-24,106.6500015258789,243.7327880859375,142.02926635742188,61.715179443359375,0.11246379464864731
2022-05-01,109.33999633789062,238.93252563476562,139.0473175048828,59.08396530151367,0.1062529906630516
2022-05-08,112.38999938964844,250.9144744873047,138.55543518066406,53.62937927246094,0.10545186698436737
2022-05-15,111.55000305175781,250.0410614013672,140.10670471191406,55.30100631713867,0.10139469057321548
2022-05-22,112.55000305175781,253.54359436035156,141.6201629638672,59.025367736816406,0.10315658897161484
2022-05-29,119.43000030517578,265.7086486816406,146.690185546875,60.137840270996094,0.1050611138343811
2022-06-05,119.72000122070312,262.093017578125,144.07949829101562,59.31557846069336,0.10681135952472687
2022-06-12,122.01000213623047,264.5411376953125,139.91754150390625,53.592002868652344,0.10437040776014328
2022-06-19,113.12000274658203,264.08917236328125,133.5610809326172,49.432334899902344,0.10043195635080338
2022-06-26,113.12000274658203,244.24105834960938,133.18272399902344,48.674564361572266,0.1002519354224205
2022-07-03,111.62999725341797,248.57220458984375,133.06922912597656,43.53140640258789,0.1016235426068306
2022-07-10,107.0199966430664,252.15013122558594,136.3609619140625,44.353668212890625,0.09930161386728287
2022-07-17,101.16000366210938,246.048828125,135.71774291992188,43.17670440673828,0.09779950976371765
2022-07-24,103.19999694824219,258.2890930175781,140.93910217285156,48.045772552490234,0.10055546462535858
2022-07-31,110.01000213623047,277.948974609375,143.47412109375,52.44728469848633,0.10277080535888672
2022-08-07,94.91999816894531,267.1773986816406,146.31182861328125,51.7701301574707,0.10286679863929749
2022-08-14,98.1500015258789,272.4436340332031,148.96035766601562,52.8181037902832,0.10504311323165894
2022-08-21,96.72000122070312,285.5821533203125,148.73333740234375,54.124053955078125,0.10277745872735977
2022-08-28,100.98999786376953,309.34576416015625,143.663330078125,57.31635665893555,0.10349342226982117
2022-09-04,93.0199966430664,289.2762756347656,142.11203002929688,52.8503532409668,0.09955073148012161
2022-09-11,92.83999633789062,271.3011779785156,136.39878845214844,54.34976577758789,0.09973808377981186
2022-09-18,91.3499984741211,272.0247497558594,136.96633911132812,52.157073974609375,0.09819304943084717
2022-09-25,86.1500015258789,257.59136962890625,134.24212646484375,46.5953254699707,0.09617603570222855
2022-10-02,87.95999908447266,272.7483215332031,130.799072265625,48.59392166137695,0.09366891533136368
2022-10-09,97.91999816894531,290.190185546875,131.74496459960938,49.89878845214844,0.09326548129320145
2022-10-16,91.62999725341797,277.3562927246094,134.9988555908203,50.7576904296875,0.09452591091394424
2022-10-23,93.5,277.5467834472656,133.86376953125,51.05500030517578,0.09375198930501938
2022-10-30,95.7699966430664,287.4101867675781,137.91224670410156,54.27587890625,0.0973694697022438
2022-11-06,98.56999969482422,299.1396484375,137.8743896484375,57.29853820800781,0.0945320799946785
2022-11-13,95.98999786376953,272.60845947265625,139.5013427734375,61.51046371459961,0.09901019930839539
2022-11-20,87.62000274658203,266.1973571777344,139.27432250976562,58.818138122558594,0.09883151948451996
2022-11-27,83.62999725341797,284.8090515136719,143.20928955078125,60.37076950073242,0.10093669593334198
2022-12-04,85.56999969482422,284.65362548828125,143.7389678955078,59.875247955322266,0.10293551534414291
2022-12-11,76.0999984741211,278.3590393066406,139.95538330078125,61.659122467041016,0.10039757937192917
2022-12-18,79.04000091552734,277.7762451171875,140.40940856933594,57.06730270385742,0.10149089992046356
2022-12-25,83.91999816894531,282.8662414550781,146.3496551513672,60.40379333496094,0.10139375925064087
2023-01-01,85.91000366210938,273.38555908203125,147.1442108154297,60.552452087402344,0.10121774673461914
2023-01-08,78.56999969482422,249.87815856933594,150.47378540039062,59.710079193115234,0.09760230034589767
2023-01-15,85.27999877929688,240.4488067626953,144.83621215820312,63.21173858642578,0.10118487477302551
2023-01-22,87.62999725341797,239.0071258544922,138.47976684570312,66.2839584350586,0.1010422557592392
2023-01-29,86.66000366210938,236.5523223876953,141.77151489257812,67.0107192993164,0.10149625688791275
2023-02-05,79.94000244140625,233.66903686523438,143.7768096923828,66.56475830078125,0.09956350922584534
2023-02-12,86.38999938964844,258.1776123046875,144.0038299560547,66.0692367553711,0.09826049953699112
2023-02-19,83.0,247.8520050048828,149.71705627441406,63.88895034790039,0.09751416742801666
2023-02-26,83.16000366210938,251.20294189453125,155.58164978027344,61.2626953125,0.09705966711044312
2023-03-05,85.83000183105469,249.91712951660156,156.8680877685547,67.65489196777344,0.09576012194156647
2023-03-12,82.77999877929688,246.37139892578125,150.01976013183594,62.78228759765625,0.09380678832530975
2023-03-19,72.97000122070312,226.18783569335938,139.1230010986328,58.88421630859375,0.09305182099342346
2023-03-26,74.98999786376953,219.21322631835938,136.6636505126953,59.165000915527344,0.0961713194847107
2023-04-02,79.7699966430664,232.7728271484375,141.77151489257812,64.25233459472656,0.09620454162359238
2023-04-09,85.12000274658203,237.0589141845703,143.89031982421875,62.600608825683594,0.09577562659978867
2023-04-16,86.30999755859375,239.24095153808594,149.75489807128906,66.2839584350586,0.09705458581447601
2023-04-23,81.66000366210938,235.88995361328125,150.77647399902344,66.18485260009766,0.09450741857290268
2023-04-30,79.54000091552734,237.6823272705078,151.77931213378906,64.59919738769531,0.09426919370889664
2023-05-07,75.30000305175781,241.9683837890625,150.3199005126953,60.42032241821289,0.09365049004554749
2023-05-14,74.16999816894531,236.17222595214844,149.30641174316406,61.76068115234375,0.09370455890893936
2023-05-21,75.58000183105469,235.89862060546875,151.73876953125,62.31805419921875,0.09162291884422302
2023-05-28,76.94999694824219,230.5053253173828,150.68475341796875,62.605735778808594,0.09046900272369385
2023-06-04,76.12999725341797,230.38809204101562,154.49545288085938,62.7855339050293,0.09048062562942505
2023-06-11,74.79000091552734,245.1610870361328,157.45481872558594,62.56977081298828,0.09174817055463791
2023-06-18,76.61000061035156,250.63259887695312,158.5088348388672,64.8711929321289,0.09525805711746216
2023-06-25,73.8499984741211,241.1747283935547,154.81976318359375,56.025115966796875,0.09393720328807831
2023-07-02,74.9000015258789,243.9495391845703,162.7249298095703,57.35562515258789,0.09260442107915878
2023-07-09,78.47000122070312,238.32176208496094,161.42767333984375,56.49259567260742,0.09295883029699326
2023-07-16,79.87000274658203,231.71694946289062,161.42767333984375,59.15361022949219,0.1005680114030838
2023-07-23,81.06999969482422,242.1517333984375,167.99505615234375,56.1689567565918,0.09932004660367966
2023-07-30,84.98999786376953,239.1033935546875,168.96800231933594,58.65017318725586,0.09831681847572327
2023-08-06,86.23999786376953,247.740478515625,169.37339782714844,58.54229736328125,0.09778306633234024
2023-08-13,86.80999755859375,260.2076416015625,172.0489959716797,57.769161224365234,0.09695606678724289
2023-08-20,84.80000305175781,252.2132568359375,169.77877807617188,53.23824691772461,0.09448598325252533
2023-08-27,84.4800033569336,251.35122680664062,170.5084991455078,52.17743682861328,0.09323487430810928
2023-09-03,88.55000305175781,262.91162109375,170.75173950195312,55.216026306152344,0.09411516040563583
2023-09-10,90.6500015258789,271.5721435546875,169.94094848632812,52.84269332885742,0.0934220552444458
2023-09-17,93.93000030517578,277.4503173828125,177.64341735839844,56.65441131591797,0.09306810796260834
2023-09-24,93.2699966430664,272.6693420410156,176.42723083496094,56.25885772705078,0.09287741780281067
2023-10-01,95.30999755859375,275.2165832519531,174.80567932128906,60.412193298339844,0.09324295818805695
2023-10-08,84.58000183105469,266.8304443359375,172.2111358642578,54.928348541259766,0.09129393100738525
2023-10-15,90.88999938964844,293.1646423339844,177.88665771484375,55.144107818603516,0.09122057259082794
2023-10-22,92.16000366210938,294.3011474609375,167.02210998535156,52.15945816040039,0.0909678041934967
2023-10-29,90.4800033569336,292.9687194824219,162.56277465820312,54.53279495239258,0.08942367881536484
2023-11-05,84.88999938964844,287.44317626953125,161.30604553222656,56.690372467041016,0.08966366201639175
2023-11-12,81.43000030517578,285.52301025390625,162.481689453125,54.40693664550781,0.08915278315544128
2023-11-19,80.61000061035156,281.2277526855469,164.99514770507812,58.34451675415039,0.09146076440811157
2023-11-26,80.58000183105469,286.1834716796875,167.91397094726562,58.39845275878906,0.09283249825239182
2023-12-03,78.87999725341797,276.5137634277344,167.42750549316406,57.94895935058594,0.09254871308803558
2023-12-10,75.83999633789062,269.7449645996094,169.29229736328125,55.989158630371094,0.09202451258897781
2023-12-17,76.55000305175781,260.19610595703125,170.9949493408203,59.800880432128906,0.09524807333946228
2023-12-24,79.06999969482422,261.8883056640625,171.15713500976562,61.401084899902344,0.09737079590559006
2023-12-31,77.04000091552734,259.59173583984375,175.12998962402344,61.490989685058594,0.09822864085435867
2024-01-07,78.76000213623047,268.9391174316406,174.72457885742188,60.03461837768555,0.09716851264238358
2024-01-14,78.29000091552734,253.83023071289062,175.616455078125,57.4635009765625,0.0971837118268013
2024-01-21,78.55999755859375,239.9702606201172,172.53546142578125,53.45400619506836,0.09501675516366959
2024-01-28,83.55000305175781,243.03236389160156,174.31918334960938,56.42067337036133,0.09584823995828629
2024-02-04,77.33000183105469,242.62942504882812,168.23829650878906,54.910369873046875,0.0958852767944336
2024-02-11,82.19000244140625,223.65260314941406,162.8060302734375,52.55501174926758,0.09422548860311508
2024-02-18,83.47000122070312,222.4242706298828,167.10317993164062,52.41117477416992,0.09502758830785751
2024-02-25,81.62000274658203,221.88088989257812,168.07614135742188,50.48733139038086,0.09527157247066498
2024-03-03,83.55000305175781,220.71046447753906,172.7786865234375,49.31864547729492,0.0941765084862709
2024-03-10,82.08000183105469,226.5626220703125,172.29222106933594,50.1636962890625,0.09619074314832687
2024-03-17,85.33999633789062,232.03857421875,168.6436767578125,52.1414794921875,0.09464973211288452
2024-03-24,85.43000030517578,239.77178955078125,172.373291015625,54.74855041503906,0.09380035847425461
2024-03-31,87.4800033569336,239.4373779296875,174.40028381347656,53.40006637573242,0.09224581718444824
2024-04-07,91.16999816894531,250.72372436523438,174.72457885742188,60.17845916748047,0.09320072084665298
2024-04-14,90.44999694824219,262.4280700683594,175.12998962402344,64.36775207519531,0.0924200788140297
2024-04-21,87.29000091552734,249.97132873535156,171.48143005371094,63.57664489746094,0.09047285467386246
2024-04-28,89.5,253.85885620117188,168.56260681152344,62.875431060791016,0.09127601981163025
2024-05-05,82.95999908447266,249.21890258789062,173.6770782470703,62.336029052734375,0.0911233127117157
2024-05-12,82.79000091552734,261.4666748046875,179.9034881591797,62.1734733581543,0.09229554235935211
2024-05-19,83.9800033569336,256.1834411621094,179.63851928710938,62.696258544921875,0.09355797618627548
2024-05-26,82.12000274658203,258.92706298828125,181.40489196777344,64.28327178955078,0.09373915940523148
2024-06-02,81.62000274658203,259.6558532714844,181.22825622558594,66.20635223388672,0.09477505087852478
2024-06-09,79.62000274658203,255.62612915039062,178.8436737060547,63.20036315917969,0.09478458017110825
2024-06-16,82.62000274658203,248.38136291503906,181.6698455810547,60.530452728271484,0.09390773624181747
2024-06-23,85.23999786376953,251.1249542236328,184.1427459716797,60.51178741455078,0.0948757603764534
2024-06-30,86.41000366210938,260.59893798828125,185.2025604248047,62.08012390136719,0.09385035932064056
2024-07-07,86.54000091552734,259.9559020996094,185.11424255371094,62.92030715942383,0.09464229643344879
2024-07-14,85.02999877929688,248.9386749267578,192.79791259765625,64.46997833251953,0.09334427118301392
2024-07-21,82.62999725341797,252.19662475585938,193.23948669433594,59.279518127441406,0.0925227701663971
2024-07-28,81.12999725341797,244.13735961914062,196.5072479248047,56.64694595336914,0.090705007314682
2024-08-04,76.80999755859375,244.35169982910156,192.9745330810547,53.60361862182617,0.09130769222974777
2024-08-11,79.66000366210938,252.5824737548828,189.35350036621094,53.080841064453125,0.0922928974032402
2024-08-18,79.68000030517578,255.4145050048828,196.06565856933594,54.126399993896484,0.09310345351696014
2024-08-25,79.0199966430664,248.46742248535156,197.65538024902344,55.76942443847656,0.0945136770606041
2024-09-01,78.80000305175781,247.54409790039062,197.9203338623047,55.452022552490234,0.09523645788431168
2024-09-08,71.05999755859375,237.3873291015625,190.413330078125,51.81123352050781,0.09409276396036148
2024-09-15,71.61000061035156,236.6398468017578,190.3249969482422,55.452022552490234,0.09339309483766556
2024-09-22,74.48999786376953,229.5168914794922,191.56143188476562,57.72985076904297,0.09522902220487595
2024-09-29,71.9800033569336,231.27566528320312,190.8549041748047,63.76049041748047,0.0949721708893776
2024-10-06,78.05000305175781,252.6004638671875,191.7380828857422,64.33927917480469,0.09435511380434036
2024-10-13,79.04000091552734,240.81686401367188,194.0343475341797,65.45952606201172,0.09320151060819626
2024-10-20,73.05999755859375,231.27566528320312,195.9773406982422,64.15257263183594,0.0916052907705307
2024-10-27,76.05000305175781,248.5113983154297,203.48434448242188,63.96586608886719,0.09143960475921631
2024-11-03,73.0999984741211,227.7581329345703,204.1025848388672,64.4139633178711,0.0909641683101654
2024-11-10,73.87000274658203,220.4153594970703,202.1595916748047,64.73136138916016,0.09198617190122604
2024-11-17,71.04000091552734,238.39862060546875,203.74929809570312,65.9449691772461,0.08968931436538696
2024-11-24,75.16999816894531,246.6834716796875,203.5726776123047,66.72914123535156,0.09031261503696442
2024-12-01,72.94000244140625,241.8855743408203,203.74929809570312,63.76049041748047,0.0905994102358818
2024-12-08,71.12000274658203,235.54876708984375,200.30491638183594,62.714927673339844,0.09062469005584717
2024-12-15,74.48999786376953,233.14979553222656,202.6894989013672,60.810516357421875,0.08969277888536453
2024-12-22,72.94000244140625,230.34349060058594,198.00863647460938,58.21529006958008,0.08746128529310226
2024-12-29,74.16999816894531,237.17820739746094,201.01145935058594,58.458003997802734,0.08781050145626068
2025-01-05,76.51000213623047,257.6823425292969,203.5726776123047,58.458003997802734,0.08785662800073624
2025-01-12,79.76000213623047,266.237060546875,202.60118103027344,60.10102462768555,0.08770699054002762
2025-01-19,80.79000091552734,258.5423583984375,210.01988220214844,64.13390350341797,0.08806855976581573
2025-01-26,78.5,242.56454467773438,212.31613159179688,62.26682662963867,0.08876288682222366
2025-02-02,76.76000213623047,247.72445678710938,212.66941833496094,62.509552001953125,0.08836623281240463
2025-02-09,74.66000366210938,239.1697998046875,212.0511932373047,63.275047302246094,0.08922317624092102
2025-02-16,74.73999786376953,240.25453186035156,211.78623962402344,61.44532012939453,0.08969205617904663
2025-02-23,74.43000030517578,240.67404174804688,223.09092712402344,62.02411651611328,0.09014450013637543
2025-03-02,73.18000030517578,239.974853515625,228.74327087402344,61.8187370300293,0.08892667293548584
2025-03-09,70.36000061035156,235.17347717285156,234.39561462402344,65.59022521972656,0.09188178926706314
2025-03-16,70.58000183105469,239.6951446533203,237.751708984375,63.088340759277344,0.0936226174235344
2025-03-23,72.16000366210938,252.51431274414062,240.22459411621094,61.68804168701172,0.09482268244028091
2025-03-30,73.62999725341797,255.0781707763672,244.3755340576172,57.56181335449219,0.09539208561182022
2025-04-06,65.58000183105469,235.54640197753906,217.8801727294922,50.29890441894531,0.09681423753499985
2025-04-13,64.76000213623047,228.22781372070312,220.3530731201172,49.68277359008789,0.09281371533870697
2025-04-20,67.95999908447266,230.2788848876953,229.53811645507812,49.328025817871094,0.0946602150797844
2025-04-27,66.87000274658203,221.42201232910156,233.33580017089844,52.74477005004883,0.09598033875226974
2025-05-04,61.290000915527344,223.47305297851562,246.32656860351562,52.12863540649414,0.0960545539855957
2025-05-11,63.90999984741211,222.07461547851562,247.9272918701172,53.28622055053711,0.09584970772266388
2025-05-18,65.41000366210938,231.98284912109375,257.9084167480469,55.939353942871094,0.09604081511497498
2025-05-25,64.77999877929688,227.15185546875,259.5091857910156,54.19002914428711,0.09801327437162399
2025-06-01,63.900001525878906,226.86767578125,257.34344482421875,54.3843994140625,0.09882594645023346
2025-06-08,66.47000122070312,233.40374755859375,261.1098937988281,52.79057693481445,0.09932854026556015
2025-06-15,74.2300033569336,258.8849182128906,262.14569091796875,53.68467330932617,0.10083287954330444
2025-06-22,77.01000213623047,265.9892883300781,260.7332763671875,53.99566650390625,0.0997018963098526
2025-06-29,67.7699966430664,241.2659454345703,260.63909912109375,55.91991424560547,0.09943827241659164
2025-07-06,68.29000091552734,247.80203247070312,261.9573974609375,57.125,0.0994955524802208
2025-07-13,70.36000061035156,258.5059814453125,244.2550048828125,59.55461120605469,0.099266417324543
2025-07-20,69.27999877929688,251.59104919433594,243.4075469970703,59.12700271606445,0.0972689762711525
2025-07-27,68.44000244140625,244.01300048828125,244.16082763671875,62.02309799194336,0.09881969541311264
2025-08-03,69.66999816894531,247.80203247070312,242.65426635742188,59.82672882080078,0.09686074405908585
2025-08-10,66.58999633789062,239.46617126464844,250.18719482421875,62.5284538269043,0.09794981777667999
2025-08-17,65.8499984741211,236.71910095214844,253.388671875,63.850162506103516,0.09788940846920013
2025-08-24,67.7300033569336,243.61892700195312,257.06097412109375,63.9862174987793,0.09827236831188202
2025-08-31,68.12000274658203,238.3291473388672,249.24557495117188,63.34480667114258,0.09936407208442688
2025-09-07,65.5,230.25018310546875,247.83316040039062,64.91919708251953,0.09928860515356064
2025-09-14,66.98999786376953,232.26992797851562,252.07041931152344,64.93862915039062,0.10147854685783386
2025-09-21,66.68000030517578,234.00112915039062,254.33029174804688,64.37495422363281,0.10132861882448196
2025-09-28,70.12999725341797,247.6584014892578,257.06097412109375,63.947349548339844,0.09969821572303772
2025-10-05,64.52999877929688,238.13681030273438,254.04779052734375,67.42654418945312,0.10024962574243546
2025-10-12,62.72999954223633,229.865478515625,260.07415771484375,66.49357604980469,0.09935508668422699
2025-10-19,61.290000915527344,224.38333129882812,253.9536590576172,67.85416412353516,0.09942037612199783
2025-10-26,65.94000244140625,236.0208740234375,244.16082763671875,66.4741439819336,0.10033340752124786
2025-11-02,65.06999969482422,232.75082397460938,243.21922302246094,66.61019897460938,0.09950239211320877
2025-11-09,63.630001068115234,236.50177001953125,244.2550048828125,67.89303588867188,0.09809903800487518
2025-11-16,64.38999938964844,238.90289306640625,248.303955078125,70.75025939941406,0.09977670013904572
2025-11-23,62.560001373291016,229.42880249023438,249.1514129638672,68.55389404296875,0.09800942987203598
2025-11-30,63.20000076293945,227.67074584960938,254.70693969726562,70.34207916259766,0.09842345118522644
2025-12-07,63.75,230.11251831054688,254.2361297607422,71.87759399414062,0.09886698424816132
2025-12-14,61.119998931884766,227.28004455566406,255.83688354492188,73.6657943725586,0.09935518354177475
2025-12-21,60.470001220703125,226.69403076171875,264.3114318847656,75.49285888671875,0.09851197898387909
2025-12-28,60.63999938964844,226.5963592529297,265.9121398925781,75.68722534179688,0.10010982304811478
2026-01-04,60.75,235.97276306152344,266.94793701171875,77.22274017333984,0.09949169307947159
2026-01-11,63.34000015258789,234.11700439453125,260.07415771484375,79.38023376464844,0.0992230772972107
2026-01-18,64.12999725341797,250.037353515625,266.19464111328125,81.44054412841797,0.09894230216741562
2026-01-25,65.87999725341797,243.88409423828125,261.76904296875,83.53972625732422,0.10154552012681961
2026-02-01,70.69000244140625,251.01406860351562,260.5449523925781,83.88958740234375,0.1048908531665802
2026-02-08,68.05000305175781,259.5114440917969,273.35089111328125,85.79440307617188,0.10205122828483582
2026-02-15,67.75,261.46484375,275.7049560546875,83.40367126464844,0.10491649061441422
2026-02-22,71.76000213623047,270.89202880859375,287.2868347167969,82.95661926269531,0.10467061400413513
2026-03-01,72.4800033569336,278.7109680175781,283.8970031738281,85.6583480834961,0.10471543669700623
2026-03-08,92.69000244140625,313.4508972167969,274.7633361816406,88.04907989501953,0.10344523936510086
2026-03-15,103.13999938964844,335.423095703125,273.9158935546875,93.39422607421875,0.10321834683418274
2026-03-22,112.19000244140625,390.84857177734375,272.6918029785156,83.5008544921875,0.10537351667881012
2026-03-29,112.56999969482422,397.5788269042969,272.5976257324219,90.01221466064453,0.10319438576698303
2026-04-05,109.02999877929688,395.0054931640625,286.53350830078125,99.71121215820312,0.10297060012817383
2026-04-12,95.19999694824219,363.9276428222656,290.4883117675781,105.73664855957031,0.10530417412519455
2026-04-19,90.37999725341797,325.3277587890625,286.53350830078125,99.90558624267578,0.10690888017416
2026-04-26,105.33000183105469,352.9415283203125,277.20001220703125,104.27888488769531,0.10721469670534134
2026-05-03,108.16999816894531,367.9855651855469,280.6000061035156,99.3710708618164,0.10799964517354965
2026-05-10,101.29000091552734,334.8292541503906,280.1000061035156,104.0,0.10758958011865616
2026-05-17,109.26000213623047,361.0,280.5,105.75,0.10783357173204422
2026-05-24,103.54000091552734,360.0,291.70001220703125,110.9000015258789,0.10837347060441971
2026-05-31,92.05000305175781,335.1000061035156,287.3999938964844,113.19999694824219,0.10817289352416992
2026-06-07,97.01000213623047,353.0,285.8999938964844,114.5,0.10772054642438889
